NAME_0,NAME_1
Afghanistan,Badakhshan
Afghanistan,Badghis
Afghanistan,Baghlan
Afghanistan,Balkh
Afghanistan,Bamyan
Afghanistan,Daykundi
Afghanistan,Farah
Afghanistan,Faryab
Afghanistan,Ghazni
Afghanistan,Ghor
Afghanistan,Hilmand
Afghanistan,Hirat
Afghanistan,Jawzjan
Afghanistan,Kabul
Afghanistan,Kandahar
Afghanistan,Kapisa
Afghanistan,Khost
Afghanistan,Kunar
Afghanistan,Kunduz
Afghanistan,Laghman
Afghanistan,Logar
Afghanistan,Nangarhar
Afghanistan,Nimroz
Afghanistan,Nuristan
Afghanistan,Paktika
Afghanistan,Paktya
Afghanistan,Panjshir
Afghanistan,Parwan
Afghanistan,Samangan
Afghanistan,Sari Pul
Afghanistan,Takhar
Afghanistan,Uruzgan
Afghanistan,Wardak
Afghanistan,Zabul
Akrotiri and Dhekelia,Akrotiri
Akrotiri and Dhekelia,Dhekelia
Aksai Chin,Xinjiang Uygur
Aksai Chin,Xizang
Åland,Archipelago
Åland,Countryside
Åland,Mariehamn
Albania,Berat
Albania,Dibër
Albania,Durrës
Albania,Elbasan
Albania,Fier
Albania,Gjirokastër
Albania,Korçë
Albania,Kukës
Albania,Lezhë
Albania,Shkodër
Albania,Tiranë
Albania,Vlorë
Algeria,Adrar
Algeria,Aïn Defla
Algeria,Aïn Témouchent
Algeria,Alger
Algeria,Annaba
Algeria,Batna
Algeria,Béchar
Algeria,Béjaïa
Algeria,Biskra
Algeria,Blida
Algeria,Bordj Bou Arréridj
Algeria,Bouira
Algeria,Boumerdès
Algeria,Chlef
Algeria,Constantine
Algeria,Djelfa
Algeria,El Bayadh
Algeria,El Oued
Algeria,El Tarf
Algeria,Ghardaïa
Algeria,Guelma
Algeria,Illizi
Algeria,Jijel
Algeria,Khenchela
Algeria,Laghouat
Algeria,M'Sila
Algeria,Mascara
Algeria,Médéa
Algeria,Mila
Algeria,Mostaganem
Algeria,Naâma
Algeria,Oran
Algeria,Ouargla
Algeria,Oum el Bouaghi
Algeria,Relizane
Algeria,Saïda
Algeria,Sétif
Algeria,Sidi Bel Abbès
Algeria,Skikda
Algeria,Souk Ahras
Algeria,Tamanghasset
Algeria,Tébessa
Algeria,Tiaret
Algeria,Tindouf
Algeria,Tipaza
Algeria,Tissemsilt
Algeria,Tizi Ouzou
Algeria,Tlemcen
American Samoa,Eastern
American Samoa,Manu'a
American Samoa,Unorganized
American Samoa,Western
Andorra,Andorra la Vella
Andorra,Canillo
Andorra,Encamp
Andorra,Escaldes-Engordany
Andorra,La Massana
Andorra,Ordino
Andorra,Sant Julià de Lòria
Angola,Bengo
Angola,Benguela
Angola,Bié
Angola,Cabinda
Angola,Cuando Cubango
Angola,Cuanza Norte
Angola,Cuanza Sul
Angola,Cunene
Angola,Huambo
Angola,Huíla
Angola,Luanda
Angola,Lunda Norte
Angola,Lunda Sul
Angola,Malanje
Angola,Moxico
Angola,Namibe
Angola,Uíge
Angola,Zaire
Anguilla,Blowing Point
Anguilla,Dog Island
Anguilla,East End
Anguilla,George Hill
Anguilla,Island Harbour
Anguilla,North Hill
Anguilla,North Side
Anguilla,Pricly Pear Cays
Anguilla,Sandy Ground
Anguilla,Sandy Hill
Anguilla,Scrub Island
Anguilla,Sombrero Island
Anguilla,South Hill
Anguilla,Stoney Ground
Anguilla,The Farrington
Anguilla,The Quarter
Anguilla,The Valley
Anguilla,West End
Antarctica,
Antigua and Barbuda,Barbuda
Antigua and Barbuda,Redonda
Antigua and Barbuda,Saint George
Antigua and Barbuda,Saint John
Antigua and Barbuda,Saint Mary
Antigua and Barbuda,Saint Paul
Antigua and Barbuda,Saint Peter
Antigua and Barbuda,Saint Philip
Argentina,Buenos Aires
Argentina,Catamarca
Argentina,Chaco
Argentina,Chubut
Argentina,Ciudad de Buenos Aires
Argentina,Córdoba
Argentina,Corrientes
Argentina,Entre Ríos
Argentina,Formosa
Argentina,Jujuy
Argentina,La Pampa
Argentina,La Rioja
Argentina,Mendoza
Argentina,Misiones
Argentina,Neuquén
Argentina,Río Negro
Argentina,Salta
Argentina,San Juan
Argentina,San Luis
Argentina,Santa Cruz
Argentina,Santa Fe
Argentina,Santiago del Estero
Argentina,Tierra del Fuego
Argentina,Tucumán
Armenia,Aragatsotn
Armenia,Ararat
Armenia,Armavir
Armenia,Erevan
Armenia,Gegharkunik
Armenia,Kotayk
Armenia,Lori
Armenia,Shirak
Armenia,Syunik
Armenia,Tavush
Armenia,Vayots Dzor
Aruba,
Arunachal Pradesh,Arunachal Pradesh
Australia,Ashmore and Cartier Islands
Australia,Australian Capital Territory
Australia,Coral Sea Islands Territory
Australia,Jervis Bay Territory
Australia,New South Wales
Australia,Northern Territory
Australia,Queensland
Australia,South Australia
Australia,Tasmania
Australia,Victoria
Australia,Western Australia
Austria,Burgenland
Austria,Kärnten
Austria,Niederösterreich
Austria,Oberösterreich
Austria,Salzburg
Austria,Steiermark
Austria,Tirol
Austria,Vorarlberg
Austria,Wien
Azad Kashmir,Azad Kashmir
Azad Kashmir,Gilgit-Baltistan
Azerbaijan,Absheron
Azerbaijan,Aran
Azerbaijan,Daglig-Shirvan
Azerbaijan,Ganja-Qazakh
Azerbaijan,Kalbajar-Lachin
Azerbaijan,Lankaran
Azerbaijan,Nakhchivan
Azerbaijan,Quba-Khachmaz
Azerbaijan,Shaki-Zaqatala
Azerbaijan,Yukhari-Karabakh
Bahamas,Acklins
Bahamas,Berry Islands
Bahamas,Biminis
Bahamas,Black Point
Bahamas,Cat Island
Bahamas,Central Abaco
Bahamas,Central Andros
Bahamas,Central Eleuthera
Bahamas,City of Freeport
Bahamas,Crooked Island
Bahamas,East Grand Bahama
Bahamas,Exuma
Bahamas,Grand Cay
Bahamas,Harbour Island
Bahamas,Hope Town
Bahamas,Inagua
Bahamas,Long Island
Bahamas,Mangrove Cay
Bahamas,Mayaguana
Bahamas,Moore's Island
Bahamas,New Providence
Bahamas,North Abaco
Bahamas,North Andros
Bahamas,North Eleuthera
Bahamas,Ragged Island
Bahamas,Rum Cay
Bahamas,San Salvador
Bahamas,South Abaco
Bahamas,South Andros
Bahamas,South Eleuthera
Bahamas,Spanish Wells
Bahamas,West Grand Bahama
Bahrain,Capital
Bahrain,Muharraq
Bahrain,Northern
Bahrain,Southern
Bangladesh,Barisal
Bangladesh,Chittagong
Bangladesh,Dhaka
Bangladesh,Khulna
Bangladesh,Mymensingh
Bangladesh,Rajshahi
Bangladesh,Rangpur
Bangladesh,Sylhet
Barbados,Christ Church
Barbados,Saint Andrew
Barbados,Saint George
Barbados,Saint James
Barbados,Saint John
Barbados,Saint Joseph
Barbados,Saint Lucy
Barbados,Saint Michael
Barbados,Saint Peter
Barbados,Saint Philip
Barbados,Saint Thomas
Belarus,Brest
Belarus,Gomel
Belarus,Grodno
Belarus,Minsk
Belarus,Mogilev
Belarus,Vitebsk
Belgium,Bruxelles
Belgium,Vlaanderen
Belgium,Wallonie
Belize,Belize
Belize,Cayo
Belize,Corozal
Belize,Orange Walk
Belize,Stann Creek
Belize,Toledo
Benin,Alibori
Benin,Atakora
Benin,Atlantique
Benin,Borgou
Benin,Collines
Benin,Donga
Benin,Kouffo
Benin,Littoral
Benin,Mono
Benin,Ouémé
Benin,Plateau
Benin,Zou
Bermuda,Devonshire
Bermuda,Hamilton Municipality
Bermuda,Hamilton
Bermuda,Paget
Bermuda,Pembroke
Bermuda,Saint George's
Bermuda,Saint George municipality
Bermuda,Sandys
Bermuda,Smiths
Bermuda,Southampton
Bermuda,Warwick
Bhutan,Bumthang
Bhutan,Chhukha
Bhutan,Dagana
Bhutan,Gasa
Bhutan,Haa
Bhutan,Lhuentse
Bhutan,Monggar
Bhutan,Paro
Bhutan,Pema Gatshel
Bhutan,Punakha
Bhutan,Samdrup Jongkhar
Bhutan,Samtse
Bhutan,Sarpang
Bhutan,Thimphu
Bhutan,Trashi Yangtse
Bhutan,Trashigang
Bhutan,Trongsa
Bhutan,Tsirang
Bhutan,Wangdue Phodrang
Bhutan,Zhemgang
Bolivia,Beni
Bolivia,Chuquisaca
Bolivia,Cochabamba
Bolivia,La Paz
Bolivia,Oruro
Bolivia,Pando
Bolivia,Potosí
Bolivia,Santa Cruz
Bolivia,Tarija
"Bonaire, Sint Eustatius and Saba",Bonaire
"Bonaire, Sint Eustatius and Saba",Saba
"Bonaire, Sint Eustatius and Saba",Sint Eustatius
Bosnia and Herzegovina,Brčko
Bosnia and Herzegovina,Federacija Bosna i Hercegovina
Bosnia and Herzegovina,Repuplika Srpska
Botswana,Central
Botswana,Chobe
Botswana,Francistown
Botswana,Gaborone
Botswana,Ghanzi
Botswana,Jwaneng
Botswana,Kgalagadi
Botswana,Kgatleng
Botswana,Kweneng
Botswana,Lobatse
Botswana,North-East
Botswana,North-West
Botswana,Selibe Phikwe
Botswana,South-East
Botswana,Southern
Botswana,Sowa
Bouvet Island,
Brazil,Acre
Brazil,Alagoas
Brazil,Amapá
Brazil,Amazonas
Brazil,Bahia
Brazil,Ceará
Brazil,Distrito Federal
Brazil,Espírito Santo
Brazil,Goiás
Brazil,Maranhão
Brazil,Mato Grosso do Sul
Brazil,Mato Grosso
Brazil,Minas Gerais
Brazil,Pará
Brazil,Paraíba
Brazil,Paraná
Brazil,Pernambuco
Brazil,Piauí
Brazil,Rio de Janeiro
Brazil,Rio Grande do Norte
Brazil,Rio Grande do Sul
Brazil,Rondônia
Brazil,Roraima
Brazil,Santa Catarina
Brazil,São Paulo
Brazil,Sergipe
Brazil,Tocantins
British Indian Ocean Territory,
British Virgin Islands,Anegada
British Virgin Islands,Jost Van Dyke
British Virgin Islands,Other Islands
British Virgin Islands,Tortola
British Virgin Islands,Virgin Gorda
Brunei,Belait
Brunei,Brunei and Muara
Brunei,Temburong
Brunei,Tutong
Bulgaria,Blagoevgrad
Bulgaria,Burgas
Bulgaria,Dobrich
Bulgaria,Gabrovo
Bulgaria,Grad Sofiya
Bulgaria,Haskovo
Bulgaria,Kardzhali
Bulgaria,Kyustendil
Bulgaria,Lovech
Bulgaria,Montana
Bulgaria,Pazardzhik
Bulgaria,Pernik
Bulgaria,Pleven
Bulgaria,Plovdiv
Bulgaria,Razgrad
Bulgaria,Ruse
Bulgaria,Shumen
Bulgaria,Silistra
Bulgaria,Sliven
Bulgaria,Smolyan
Bulgaria,Sofia
Bulgaria,Stara Zagora
Bulgaria,Targovishte
Bulgaria,Varna
Bulgaria,Veliko Tarnovo
Bulgaria,Vidin
Bulgaria,Vratsa
Bulgaria,Yambol
Burkina Faso,Boucle du Mouhoun
Burkina Faso,Cascades
Burkina Faso,Centre-Est
Burkina Faso,Centre-Nord
Burkina Faso,Centre-Ouest
Burkina Faso,Centre-Sud
Burkina Faso,Centre
Burkina Faso,Est
Burkina Faso,Haut-Bassins
Burkina Faso,Nord
Burkina Faso,Plateau-Central
Burkina Faso,Sahel
Burkina Faso,Sud-Ouest
Burundi,Bubanza
Burundi,Bujumbura Mairie
Burundi,Bujumbura Rural
Burundi,Bururi
Burundi,Cankuzo
Burundi,Cibitoke
Burundi,Gitega
Burundi,Karuzi
Burundi,Kayanza
Burundi,Kirundo
Burundi,Makamba
Burundi,Muramvya
Burundi,Muyinga
Burundi,Mwaro
Burundi,Ngozi
Burundi,Rutana
Burundi,Ruyigi
Cabo Verde,Boa Vista
Cabo Verde,Brava
Cabo Verde,Maio
Cabo Verde,Mosteiros
Cabo Verde,Paúl
Cabo Verde,Porto Novo
Cabo Verde,Praia
Cabo Verde,Ribeira Brava
Cabo Verde,Ribeira Grande de Santiago
Cabo Verde,Ribeira Grande
Cabo Verde,Sal
Cabo Verde,Santa Catarina do Fogo
Cabo Verde,Santa Catarina
Cabo Verde,Santa Cruz
Cabo Verde,São Domingos
Cabo Verde,São Filipe
Cabo Verde,São Lourenço dos Órgãos
Cabo Verde,São Miguel
Cabo Verde,São Salvador do Mundo
Cabo Verde,São Vicente
Cabo Verde,Tarrafal de São Nicolau
Cabo Verde,Tarrafal
Cambodia,Bântéay Méanchey
Cambodia,Batdâmbâng
Cambodia,Kâmpóng Cham
Cambodia,Kâmpóng Chhnang
Cambodia,Kâmpóng Spœ
Cambodia,Kâmpóng Thum
Cambodia,Kâmpôt
Cambodia,Kândal
Cambodia,Kaôh Kong
Cambodia,Kep
Cambodia,Krâchéh
Cambodia,Krong Pailin
Cambodia,Krong Preah Sihanouk
Cambodia,Môndól Kiri
Cambodia,Otdar Mean Chey
Cambodia,Phnom Penh
Cambodia,Pouthisat
Cambodia,Preah Vihéar
Cambodia,Prey Vêng
Cambodia,Rôtânôkiri
Cambodia,Siemréab
Cambodia,Stœng Trêng
Cambodia,Svay Rieng
Cambodia,Takêv
Cambodia,Tbong Khmum
Cameroon,Adamaoua
Cameroon,Centre
Cameroon,Est
Cameroon,Extrême-Nord
Cameroon,Littoral
Cameroon,Nord-Ouest
Cameroon,Nord
Cameroon,Ouest
Cameroon,Sud-Ouest
Cameroon,Sud
Canada,Alberta
Canada,British Columbia
Canada,Manitoba
Canada,New Brunswick
Canada,Newfoundland and Labrador
Canada,Northwest Territories
Canada,Nova Scotia
Canada,Nunavut
Canada,Ontario
Canada,Prince Edward Island
Canada,Québec
Canada,Saskatchewan
Canada,Yukon
Caspian Sea,
Cayman Islands,Bodden Town
Cayman Islands,East End
Cayman Islands,George Town
Cayman Islands,North Side
Cayman Islands,Sister Islands
Cayman Islands,West Bay
Central African Republic,Bamingui-Bangoran
Central African Republic,Bangui
Central African Republic,Basse-Kotto
Central African Republic,Haut-Mbomou
Central African Republic,Haute-Kotto
Central African Republic,Kémo
Central African Republic,Lobaye
Central African Republic,Mambéré-Kadéï
Central African Republic,Mbomou
Central African Republic,Nana-Grébizi
Central African Republic,Nana-Mambéré
Central African Republic,Ombella-M'Poko
Central African Republic,Ouaka
Central African Republic,Ouham-Pendé
Central African Republic,Ouham
Central African Republic,Sangha-Mbaéré
Central African Republic,Vakaga
Chad,Barh el Ghazel
Chad,Batha
Chad,Borkou
Chad,Chari-Baguirmi
Chad,Ennedi Est
Chad,Ennedi Ouest
Chad,Guéra
Chad,Hadjer-Lamis
Chad,Kanem
Chad,Lac
Chad,Logone Occidental
Chad,Logone Oriental
Chad,Mandoul
Chad,Mayo-Kebbi Est
Chad,Mayo-Kebbi Ouest
Chad,Moyen-Chari
Chad,Ouaddaï
Chad,Salamat
Chad,Sila
Chad,Tandjilé
Chad,Tibesti
Chad,Ville de N'Djamena
Chad,Wadi Fira
Chile,Antofagasta
Chile,Araucanía
Chile,Arica y Parinacota
Chile,Atacama
Chile,Aysén del General Ibañez del Cam
Chile,Bío-Bío
Chile,Coquimbo
Chile,Libertador General Bernardo O'Hi
Chile,Los Lagos
Chile,Los Ríos
Chile,Magallanes y Antártica Chilena
Chile,Maule
Chile,Ñuble
Chile,Santiago Metropolitan
Chile,Tarapacá
Chile,Valparaíso
China,Anhui
China,Beijing
China,Chongqing
China,Fujian
China,Gansu
China,Guangdong
China,Guangxi
China,Guizhou
China,Hainan
China,Hebei
China,Heilongjiang
China,Henan
China,Hong Kong
China,Hubei
China,Hunan
China,Jiangsu
China,Jiangxi
China,Jilin
China,Liaoning
China,Macau
China,Nei Mongol
China,Ningxia Hui
China,Qinghai
China,Shaanxi
China,Shandong
China,Shanghai
China,Shanxi
China,Sichuan
China,Tianjin
China,Xinjiang Uygur
China,Xizang
China,Yunnan
China,Zhejiang
Christmas Island,
Clipperton Island,
Cocos Islands,
Colombia,Amazonas
Colombia,Antioquia
Colombia,Arauca
Colombia,Atlántico
Colombia,Bogotá D.C.
Colombia,Bolívar
Colombia,Boyacá
Colombia,Caldas
Colombia,Caquetá
Colombia,Casanare
Colombia,Cauca
Colombia,Cesar
Colombia,Chocó
Colombia,Córdoba
Colombia,Cundinamarca
Colombia,Guainía
Colombia,Guaviare
Colombia,Huila
Colombia,La Guajira
Colombia,Magdalena
Colombia,Meta
Colombia,Nariño
Colombia,Norte de Santander
Colombia,Putumayo
Colombia,Quindío
Colombia,Risaralda
Colombia,San Andrés y Providencia
Colombia,Santander
Colombia,Sucre
Colombia,Tolima
Colombia,Valle del Cauca
Colombia,Vaupés
Colombia,Vichada
Comoros,Mwali
Comoros,Njazídja
Comoros,Nzwani
Cook Islands,Aitutaki
Cook Islands,Atiu
Cook Islands,Mangaia
Cook Islands,Manihiki
Cook Islands,Mauke
Cook Islands,Mitiaro
Cook Islands,Palmerston
Cook Islands,Penhryn
Cook Islands,Pukapuka
Cook Islands,Rakahanga
Cook Islands,Rarotonga
Costa Rica,Alajuela
Costa Rica,Cartago
Costa Rica,Guanacaste
Costa Rica,Heredia
Costa Rica,Limón
Costa Rica,Puntarenas
Costa Rica,San José
Côte d'Ivoire,Abidjan
Côte d'Ivoire,Bas-Sassandra
Côte d'Ivoire,Comoé
Côte d'Ivoire,Denguélé
Côte d'Ivoire,Gôh-Djiboua
Côte d'Ivoire,Lacs
Côte d'Ivoire,Lagunes
Côte d'Ivoire,Montagnes
Côte d'Ivoire,Sassandra-Marahoué
Côte d'Ivoire,Savanes
Côte d'Ivoire,Vallée du Bandama
Côte d'Ivoire,Woroba
Côte d'Ivoire,Yamoussoukro
Côte d'Ivoire,Zanzan
Croatia,Bjelovarska-Bilogorska
Croatia,Brodsko-Posavska
Croatia,Dubrovacko-Neretvanska
Croatia,Grad Zagreb
Croatia,Istarska
Croatia,Karlovacka
Croatia,Koprivničko-Križevačka
Croatia,Krapinsko-Zagorska
Croatia,Licko-Senjska
Croatia,Medimurska
Croatia,Osjecko-Baranjska
Croatia,Požeško-Slavonska
Croatia,Primorsko-Goranska
Croatia,Šibensko-Kninska
Croatia,Sisacko-Moslavacka
Croatia,Splitsko-Dalmatinska
Croatia,Varaždinska
Croatia,Viroviticko-Podravska
Croatia,Vukovarsko-Srijemska
Croatia,Zadarska
Croatia,Zagrebačka
Cuba,Camagüey
Cuba,Ciego de Ávila
Cuba,Cienfuegos
Cuba,Ciudad de la Habana
Cuba,Granma
Cuba,Guantánamo
Cuba,Holguín
Cuba,Isla de la Juventud
Cuba,La Habana
Cuba,Las Tunas
Cuba,Matanzas
Cuba,Mayabeque
Cuba,Pinar del Río
Cuba,Sancti Spíritus
Cuba,Santiago de Cuba
Cuba,Villa Clara
Curaçao,
Cyprus,Famagusta
Cyprus,Larnaca
Cyprus,Limassol
Cyprus,Nicosia
Cyprus,Paphos
Czechia,Jihočeský
Czechia,Jihomoravský
Czechia,Karlovarský
Czechia,Kraj Vysočina
Czechia,Královéhradecký
Czechia,Liberecký
Czechia,Moravskoslezský
Czechia,Olomoucký
Czechia,Pardubický
Czechia,Plzeňský
Czechia,Prague
Czechia,Středočeský
Czechia,Ústecký
Czechia,Zlínský
Democratic Republic of the Congo,Bas-Uele
Democratic Republic of the Congo,Équateur
Democratic Republic of the Congo,Haut-Katanga
Democratic Republic of the Congo,Haut-Lomami
Democratic Republic of the Congo,Haut-Uele
Democratic Republic of the Congo,Ituri
Democratic Republic of the Congo,Kasaï-Central
Democratic Republic of the Congo,Kasaï-Oriental
Democratic Republic of the Congo,Kasaï
Democratic Republic of the Congo,Kinshasa
Democratic Republic of the Congo,Kongo-Central
Democratic Republic of the Congo,Kwango
Democratic Republic of the Congo,Kwilu
Democratic Republic of the Congo,Lomami
Democratic Republic of the Congo,Lualaba
Democratic Republic of the Congo,Mai-Ndombe
Democratic Republic of the Congo,Maniema
Democratic Republic of the Congo,Mongala
Democratic Republic of the Congo,Nord-Kivu
Democratic Republic of the Congo,Nord-Ubangi
Democratic Republic of the Congo,Sankuru
Democratic Republic of the Congo,Sud-Kivu
Democratic Republic of the Congo,Sud-Ubangi
Democratic Republic of the Congo,Tanganyika
Democratic Republic of the Congo,Tshopo
Democratic Republic of the Congo,Tshuapa
Denmark,Hovedstaden
Denmark,Midtjylland
Denmark,Nordjylland
Denmark,Sjælland
Denmark,Syddanmark
Djibouti,Ali Sabieh
Djibouti,Arta
Djibouti,Dikhil
Djibouti,Djiboutii
Djibouti,Obock
Djibouti,Tadjoura
Dominica,Saint Andrew
Dominica,Saint David
Dominica,Saint George
Dominica,Saint John
Dominica,Saint Joseph
Dominica,Saint Luke
Dominica,Saint Mark
Dominica,Saint Patrick
Dominica,Saint Paul
Dominica,Saint Peter
Dominican Republic,Azua
Dominican Republic,Bahoruco
Dominican Republic,Barahona
Dominican Republic,Dajabón
Dominican Republic,Distrito Nacional
Dominican Republic,Duarte
Dominican Republic,El Seybo
Dominican Republic,Espaillat
Dominican Republic,Hato Mayor
Dominican Republic,Independencia
Dominican Republic,La Altagracia
Dominican Republic,La Estrelleta
Dominican Republic,La Romana
Dominican Republic,La Vega
Dominican Republic,María Trinidad Sánchez
Dominican Republic,Monseñor Nouel
Dominican Republic,Monte Cristi
Dominican Republic,Monte Plata
Dominican Republic,Pedernales
Dominican Republic,Peravia
Dominican Republic,Puerto Plata
Dominican Republic,Salcedo
Dominican Republic,Samaná
Dominican Republic,San Cristóbal
Dominican Republic,San José de Ocoa
Dominican Republic,San Juan
Dominican Republic,San Pedro de Macorís
Dominican Republic,Sánchez Ramírez
Dominican Republic,Santiago Rodríguez
Dominican Republic,Santiago
Dominican Republic,Santo Domingo
Dominican Republic,Valverde
Ecuador,Azuay
Ecuador,Bolivar
Ecuador,Cañar
Ecuador,Carchi
Ecuador,Chimborazo
Ecuador,Cotopaxi
Ecuador,El Oro
Ecuador,Esmeraldas
Ecuador,Galápagos
Ecuador,Guayas
Ecuador,Imbabura
Ecuador,Loja
Ecuador,Los Rios
Ecuador,Manabi
Ecuador,Morona Santiago
Ecuador,Napo
Ecuador,Orellana
Ecuador,Pastaza
Ecuador,Pichincha
Ecuador,Santa Elena
Ecuador,Santo Domingo de los Tsachilas
Ecuador,Sucumbios
Ecuador,Tungurahua
Ecuador,Zamora Chinchipe
Egypt,Ad Daqahliyah
Egypt,Al Bahr al Ahmar
Egypt,Al Buhayrah
Egypt,Al Fayyum
Egypt,Al Gharbiyah
Egypt,Al Iskandariyah
Egypt,Al Isma`iliyah
Egypt,Al Jizah
Egypt,Al Minufiyah
Egypt,Al Minya
Egypt,Al Qahirah
Egypt,Al Qalyubiyah
Egypt,Al Uqsur
Egypt,Al Wadi al Jadid
Egypt,As Suways
Egypt,Ash Sharqiyah
Egypt,Aswan
Egypt,Asyut
Egypt,Bani Suwayf
Egypt,Bur Sa`id
Egypt,Dumyat
Egypt,Janub Sina'
Egypt,Kafr ash Shaykh
Egypt,Matrouh
Egypt,Qina
Egypt,Shamal Sina'
Egypt,Suhaj
El Salvador,Ahuachapán
El Salvador,Cabañas
El Salvador,Chalatenango
El Salvador,Cuscatlán
El Salvador,La Libertad
El Salvador,La Paz
El Salvador,La Unión
El Salvador,Morazán
El Salvador,San Miguel
El Salvador,San Salvador
El Salvador,San Vicente
El Salvador,Santa Ana
El Salvador,Sonsonate
El Salvador,Usulután
Equatorial Guinea,Annobón
Equatorial Guinea,Bioko Norte
Equatorial Guinea,Bioko Sur
Equatorial Guinea,Centro Sur
Equatorial Guinea,Kié-Ntem
Equatorial Guinea,Litoral
Equatorial Guinea,Wele-Nzas
Eritrea,Anseba
Eritrea,Debub
Eritrea,Debubawi Keyih Bahri
Eritrea,Gash Barka
Eritrea,Maekel
Eritrea,Semenawi Keyih Bahri
Estonia,Harju
Estonia,Hiiu
Estonia,Ida-Viru
Estonia,Järva
Estonia,Jõgeva
Estonia,Lääne-Viru
Estonia,Lääne
Estonia,Pärnu
Estonia,Peipsi
Estonia,Põlva
Estonia,Rapla
Estonia,Saare
Estonia,Tartu
Estonia,Valga
Estonia,Viljandi
Estonia,Võru
Ethiopia,Addis Abeba
Ethiopia,Afar
Ethiopia,Amhara
Ethiopia,Benshangul-Gumaz
Ethiopia,Dire Dawa
Ethiopia,Gambela Peoples
Ethiopia,Harari People
Ethiopia,Oromia
Ethiopia,Somali
Ethiopia,"Southern Nations, Nationalities"
Ethiopia,Tigray
Falkland Islands,
Faroe Islands,Eysturoyar
Faroe Islands,Norderøerne
Faroe Islands,Sandoyar
Faroe Islands,Streymoyar
Faroe Islands,Suðuroyar
Faroe Islands,Vågø
Fiji,Central
Fiji,Eastern
Fiji,Northern
Fiji,Rotuma
Fiji,Western
Finland,Eastern Finland
Finland,Lapland
Finland,Oulu
Finland,Southern Finland
Finland,Western Finland
France,Auvergne-Rhône-Alpes
France,Bourgogne-Franche-Comté
France,Bretagne
France,Centre-Val de Loire
France,Corse
France,Grand Est
France,Hauts-de-France
France,Île-de-France
France,Normandie
France,Nouvelle-Aquitaine
France,Occitanie
France,Pays de la Loire
France,Provence-Alpes-Côte d'Azur
French Guiana,Cayenne
French Guiana,Saint-Laurent-du-Maroni
French Polynesia,Îles Australes
French Polynesia,Îles du Vent
French Polynesia,Îles Marquises
French Polynesia,Îles Sous-le-Vent
French Polynesia,Îles Tuamotu-Gambier
French Southern Territories,Îles Crozet
French Southern Territories,Îles Éparses
French Southern Territories,Îles Saint Paul et Amsterdam
French Southern Territories,Kerguelen
Gabon,Estuaire
Gabon,Haut-Ogooué
Gabon,Moyen-Ogooué
Gabon,Ngounié
Gabon,Nyanga
Gabon,Ogooué-Ivindo
Gabon,Ogooué-Lolo
Gabon,Ogooué-Maritime
Gabon,Wouleu-Ntem
Gambia,Banjul
Gambia,Lower River
Gambia,Maccarthy Island
Gambia,North Bank
Gambia,Upper River
Gambia,Western
Georgia,Abkhazia
Georgia,Ajaria
Georgia,Guria
Georgia,Imereti
Georgia,Kakheti
Georgia,Kvemo Kartli
Georgia,Mtskheta-Mtianeti
Georgia,Racha-Lechkhumi-Kvemo Svaneti
Georgia,Samegrelo-Zemo Svaneti
Georgia,Samtskhe-Javakheti
Georgia,Shida Kartli
Georgia,Tbilisi
Germany,Baden-Württemberg
Germany,Bayern
Germany,Berlin
Germany,Brandenburg
Germany,Bremen
Germany,Hamburg
Germany,Hessen
Germany,Mecklenburg-Vorpommern
Germany,Niedersachsen
Germany,Nordrhein-Westfalen
Germany,Rheinland-Pfalz
Germany,Saarland
Germany,Sachsen-Anhalt
Germany,Sachsen
Germany,Schleswig-Holstein
Germany,Thüringen
Ghana,Ahafo
Ghana,Ashanti
Ghana,Bono East
Ghana,Bono
Ghana,Central
Ghana,Eastern
Ghana,Greater Accra
Ghana,North East
Ghana,Northern
Ghana,Oti
Ghana,Savannah
Ghana,Upper East
Ghana,Upper West
Ghana,Volta
Ghana,Western North
Ghana,Western
Gibraltar,
Greece,Aegean
Greece,Athos
Greece,Attica
Greece,Crete
Greece,Epirus and Western Macedonia
Greece,Macedonia and Thrace
Greece,"Peloponnese, Western Greece and"
Greece,Thessaly and Central Greece
Greenland,Kujalleq
Greenland,Northeast Greenland National Par
Greenland,Qaasuitsup
Greenland,Qeqqata
Greenland,Sermersooq
Grenada,Carriacou
Grenada,Saint Andrew
Grenada,Saint David
Grenada,Saint George
Grenada,Saint John
Grenada,Saint Mark
Grenada,Saint Patrick
Guadeloupe,Basse-Terre
Guadeloupe,Pointe-à-Pitre
Guam,Agana Heights
Guam,Agat
Guam,Asan
Guam,Barrigada
Guam,Chalan-Pago-Ordot
Guam,Dededo
Guam,Hagåtña
Guam,Inarajan
Guam,Mangilao
Guam,Merizo
Guam,Mongmong-Toto-Maite
Guam,Piti
Guam,Santa Rita
Guam,Sinajana
Guam,Talofofo
Guam,Tamuning
Guam,Umatac
Guam,Yigo
Guam,Yona
Guatemala,Alta Verapaz
Guatemala,Baja Verapaz
Guatemala,Chimaltenango
Guatemala,Chiquimula
Guatemala,El Progreso
Guatemala,Escuintla
Guatemala,Guatemala
Guatemala,Huehuetenango
Guatemala,Izabal
Guatemala,Jalapa
Guatemala,Jutiapa
Guatemala,Petén
Guatemala,Quezaltenango
Guatemala,Quiché
Guatemala,Retalhuleu
Guatemala,Sacatepéquez
Guatemala,San Marcos
Guatemala,Santa Rosa
Guatemala,Sololá
Guatemala,Suchitepéquez
Guatemala,Totonicapán
Guatemala,Zacapa
Guernsey,Alderney
Guernsey,Castel
Guernsey,Forest
Guernsey,Saint Andrew
Guernsey,Saint Martin
Guernsey,Saint Peter Port
Guernsey,Saint Pierre du Bois
Guernsey,Saint Sampson
Guernsey,Saint Saviour
Guernsey,Sark
Guernsey,Torteval
Guernsey,Vale
Guinea-Bissau,Bafatá
Guinea-Bissau,Biombo
Guinea-Bissau,Bissau
Guinea-Bissau,Bolama
Guinea-Bissau,Cacheu
Guinea-Bissau,Gabú
Guinea-Bissau,Oio
Guinea-Bissau,Quinara
Guinea-Bissau,Tombali
Guinea,Boké
Guinea,Conakry
Guinea,Faranah
Guinea,Kankan
Guinea,Kindia
Guinea,Labé
Guinea,Mamou
Guinea,Nzérékoré
Guyana,Barima-Waini
Guyana,Cuyuni-Mazaruni
Guyana,Demerara-Mahaica
Guyana,East Berbice-Corentyne
Guyana,Essequibo Islands-West Demerara
Guyana,Mahaica-Berbice
Guyana,Pomeroon-Supenaam
Guyana,Potaro-Siparuni
Guyana,Upper Demerara-Berbice
Guyana,Upper Takutu-Upper Essequibo
Haiti,Centre
Haiti,Grand'Anse
Haiti,L'Artibonite
Haiti,Nippes
Haiti,Nord-Est
Haiti,Nord-Ouest
Haiti,Nord
Haiti,Ouest
Haiti,Sud-Est
Haiti,Sud
Heard Island and McDonald Island,
Honduras,Atlántida
Honduras,Choluteca
Honduras,Colón
Honduras,Comayagua
Honduras,Copán
Honduras,Cortés
Honduras,El Paraíso
Honduras,Francisco Morazán
Honduras,Gracias a Dios
Honduras,Intibucá
Honduras,Islas de la Bahía
Honduras,La Paz
Honduras,Lempira
Honduras,Ocotepeque
Honduras,Olancho
Honduras,Santa Bárbara
Honduras,Valle
Honduras,Yoro
Hungary,Bács-Kiskun
Hungary,Baranya
Hungary,Békés
Hungary,Borsod-Abaúj-Zemplén
Hungary,Budapest
Hungary,Csongrád
Hungary,Fejér
Hungary,Gyor-Moson-Sopron
Hungary,Hajdú-Bihar
Hungary,Heves
Hungary,Jász-Nagykun-Szolnok
Hungary,Komárom-Esztergom
Hungary,Nógrád
Hungary,Pest
Hungary,Somogy
Hungary,Szabolcs-Szatmár-Bereg
Hungary,Tolna
Hungary,Vas
Hungary,Veszprém
Hungary,Zala
Iceland,Austurland
Iceland,Höfuðborgarsvæði
Iceland,Norðurland eystra
Iceland,Norðurland vestra
Iceland,Suðurland
Iceland,Suðurnes
Iceland,Vestfirðir
Iceland,Vesturland
India,Andaman and Nicobar
India,Andhra Pradesh
India,Arunachal Pradesh
India,Assam
India,Bihar
India,Chandigarh
India,Chhattisgarh
India,Dadra and Nagar Haveli
India,Daman and Diu
India,Goa
India,Gujarat
India,Haryana
India,Himachal Pradesh
India,Jharkhand
India,Karnataka
India,Kerala
India,Lakshadweep
India,Madhya Pradesh
India,Maharashtra
India,Manipur
India,Meghalaya
India,Mizoram
India,Nagaland
India,NCT of Delhi
India,Odisha
India,Puducherry
India,Punjab
India,Rajasthan
India,Sikkim
India,Tamil Nadu
India,Telangana
India,Tripura
India,Uttar Pradesh
India,Uttarakhand
India,West Bengal
Indonesia,Aceh
Indonesia,Bali
Indonesia,Bangka Belitung
Indonesia,Banten
Indonesia,Bengkulu
Indonesia,Gorontalo
Indonesia,Jakarta Raya
Indonesia,Jambi
Indonesia,Jawa Barat
Indonesia,Jawa Tengah
Indonesia,Jawa Timur
Indonesia,Kalimantan Barat
Indonesia,Kalimantan Selatan
Indonesia,Kalimantan Tengah
Indonesia,Kalimantan Timur
Indonesia,Kalimantan Utara
Indonesia,Kepulauan Riau
Indonesia,Lampung
Indonesia,Maluku Utara
Indonesia,Maluku
Indonesia,Nusa Tenggara Barat
Indonesia,Nusa Tenggara Timur
Indonesia,Papua Barat
Indonesia,Papua
Indonesia,Riau
Indonesia,Sulawesi Barat
Indonesia,Sulawesi Selatan
Indonesia,Sulawesi Tengah
Indonesia,Sulawesi Tenggara
Indonesia,Sulawesi Utara
Indonesia,Sumatera Barat
Indonesia,Sumatera Selatan
Indonesia,Sumatera Utara
Indonesia,Yogyakarta
Iran,Alborz
Iran,Ardebil
Iran,Bushehr
Iran,Chahar Mahall and Bakhtiari
Iran,East Azarbaijan
Iran,Esfahan
Iran,Fars
Iran,Gilan
Iran,Golestan
Iran,Hamadan
Iran,Hormozgan
Iran,Ilam
Iran,Kerman
Iran,Kermanshah
Iran,Khuzestan
Iran,Kohgiluyeh and Buyer Ahmad
Iran,Kordestan
Iran,Lorestan
Iran,Markazi
Iran,Mazandaran
Iran,North Khorasan
Iran,Qazvin
Iran,Qom
Iran,Razavi Khorasan
Iran,Semnan
Iran,Sistan and Baluchestan
Iran,South Khorasan
Iran,Tehran
Iran,West Azarbaijan
Iran,Yazd
Iran,Zanjan
Iraq,Al-Anbar
Iraq,Al-Basrah
Iraq,Al-Muthannia
Iraq,Al-Qadisiyah
Iraq,An-Najaf
Iraq,Arbil
Iraq,As-Sulaymaniyah
Iraq,At-Ta'mim
Iraq,Babil
Iraq,Baghdad
Iraq,Dhi-Qar
Iraq,Dihok
Iraq,Diyala
Iraq,Karbala'
Iraq,Maysan
Iraq,Ninawa
Iraq,Sala ad-Din
Iraq,Wasit
Ireland,Carlow
Ireland,Cavan
Ireland,Clare
Ireland,Cork City
Ireland,Cork
Ireland,Donegal
Ireland,Dublin
Ireland,Galway
Ireland,Kerry
Ireland,Kildare
Ireland,Kilkenny
Ireland,Laois
Ireland,Leitrim
Ireland,Limerick
Ireland,Longford
Ireland,Louth
Ireland,Mayo
Ireland,Meath
Ireland,Monaghan
Ireland,Offaly
Ireland,Roscommon
Ireland,Sligo
Ireland,Tipperary
Ireland,Waterford
Ireland,Westmeath
Ireland,Wexford
Ireland,Wicklow
Isle of Man,Andreas
Isle of Man,Arbory & Rushen
Isle of Man,Ballaugh
Isle of Man,Braddan
Isle of Man,Bride
Isle of Man,Castletown
Isle of Man,Douglas
Isle of Man,Garff
Isle of Man,German
Isle of Man,Jurby
Isle of Man,Lezayre
Isle of Man,Malew
Isle of Man,Marown
Isle of Man,Michael
Isle of Man,Onchan
Isle of Man,Patrick
Isle of Man,Peel
Isle of Man,Port Erin
Isle of Man,Port Saint Mary
Isle of Man,Ramsey
Isle of Man,Santon
Israel,Golan
Israel,HaDarom
Israel,Haifa
Israel,HaMerkaz
Israel,HaZafon
Israel,Jerusalem
Israel,Tel Aviv
Italy,Abruzzo
Italy,Apulia
Italy,Basilicata
Italy,Calabria
Italy,Campania
Italy,Emilia-Romagna
Italy,Friuli-Venezia Giulia
Italy,Lazio
Italy,Liguria
Italy,Lombardia
Italy,Marche
Italy,Molise
Italy,Piemonte
Italy,Sardegna
Italy,Sicily
Italy,Toscana
Italy,Trentino-Alto Adige
Italy,Umbria
Italy,Valle d'Aosta
Italy,Veneto
Jamaica,Clarendon
Jamaica,Hanover
Jamaica,Kingston
Jamaica,Manchester
Jamaica,Portland
Jamaica,Saint Andrew
Jamaica,Saint Ann
Jamaica,Saint Catherine
Jamaica,Saint Elizabeth
Jamaica,Saint James
Jamaica,Saint Mary
Jamaica,Saint Thomas
Jamaica,Trelawny
Jamaica,Westmoreland
Jammu and Kashmir,Jammu and Kashmir
Japan,Aichi
Japan,Akita
Japan,Aomori
Japan,Chiba
Japan,Ehime
Japan,Fukui
Japan,Fukuoka
Japan,Fukushima
Japan,Gifu
Japan,Gunma
Japan,Hiroshima
Japan,Hokkaido
Japan,Hyōgo
Japan,Ibaraki
Japan,Ishikawa
Japan,Iwate
Japan,Kagawa
Japan,Kagoshima
Japan,Kanagawa
Japan,Kochi
Japan,Kumamoto
Japan,Kyoto
Japan,Mie
Japan,Miyagi
Japan,Miyazaki
Japan,Nagano
Japan,Naoasaki
Japan,Nara
Japan,Niigata
Japan,Oita
Japan,Okayama
Japan,Okinawa
Japan,Osaka
Japan,Saga
Japan,Saitama
Japan,Shiga
Japan,Shimane
Japan,Shizuoka
Japan,Tochigi
Japan,Tokushima
Japan,Tokyo
Japan,Tottori
Japan,Toyama
Japan,Wakayama
Japan,Yamagata
Japan,Yamaguchi
Japan,Yamanashi
Jersey,Grouville
Jersey,Saint Berlade
Jersey,Saint Clement
Jersey,Saint Helier
Jersey,Saint John
Jersey,Saint Lawrence
Jersey,Saint Martin
Jersey,Saint Mary
Jersey,Saint Ouen
Jersey,Saint Peter
Jersey,Saint Saviour
Jersey,Trinity
Jordan,Ajlun
Jordan,Amman
Jordan,Aqaba
Jordan,Balqa
Jordan,Irbid
Jordan,Jarash
Jordan,Karak
Jordan,Ma`an
Jordan,Madaba
Jordan,Mafraq
Jordan,Tafilah
Jordan,Zarqa
Kaurik,Himachal Pradesh
Kazakhstan,Almaty
Kazakhstan,Aqmola
Kazakhstan,Aqtöbe
Kazakhstan,Atyrau
Kazakhstan,East Kazakhstan
Kazakhstan,Mangghystau
Kazakhstan,North Kazakhstan
Kazakhstan,Pavlodar
Kazakhstan,Qaraghandy
Kazakhstan,Qostanay
Kazakhstan,Qyzylorda
Kazakhstan,South Kazakhstan
Kazakhstan,West Kazakhstan
Kazakhstan,Zhambyl
Kenya,Baringo
Kenya,Bomet
Kenya,Bungoma
Kenya,Busia
Kenya,Elgeyo-Marakwet
Kenya,Embu
Kenya,Garissa
Kenya,Homa Bay
Kenya,Isiolo
Kenya,Kajiado
Kenya,Kakamega
Kenya,Kericho
Kenya,Kiambu
Kenya,Kilifi
Kenya,Kirinyaga
Kenya,Kisii
Kenya,Kisumu
Kenya,Kitui
Kenya,Kwale
Kenya,Laikipia
Kenya,Lamu
Kenya,Machakos
Kenya,Makueni
Kenya,Mandera
Kenya,Marsabit
Kenya,Meru
Kenya,Migori
Kenya,Mombasa
Kenya,Murang'a
Kenya,Nairobi
Kenya,Nakuru
Kenya,Nandi
Kenya,Narok
Kenya,Nyamira
Kenya,Nyandarua
Kenya,Nyeri
Kenya,Samburu
Kenya,Siaya
Kenya,Taita Taveta
Kenya,Tana River
Kenya,Tharaka-Nithi
Kenya,Trans Nzoia
Kenya,Turkana
Kenya,Uasin Gishu
Kenya,Vihiga
Kenya,Wajir
Kenya,West Pokot
Kiribati,
Kosovo,Đakovica
Kosovo,Gnjilane
Kosovo,Kosovska Mitrovica
Kosovo,Pećki
Kosovo,Pristina
Kosovo,Prizren
Kosovo,Uroševac
Kuwait,Al Ahmadi
Kuwait,Al Farwaniyah
Kuwait,Al Jahrah
Kuwait,Al Kuwayt
Kuwait,Hawalli
Kuwait,Mubarak Al-Kabeer
Kyrgyzstan,Batken
Kyrgyzstan,Biškek
Kyrgyzstan,Chüy
Kyrgyzstan,Jalal-Abad
Kyrgyzstan,Naryn
Kyrgyzstan,Osh (city)
Kyrgyzstan,Osh
Kyrgyzstan,Talas
Kyrgyzstan,Ysyk-Köl
Laos,Attapu
Laos,Bokeo
Laos,Bolikhamxai
Laos,Champasak
Laos,Houaphan
Laos,Khammouan
Laos,Louang Namtha
Laos,Louangphrabang
Laos,Oudômxai
Laos,Phôngsali
Laos,Saravan
Laos,Savannakhét
Laos,Vientiane [prefecture]
Laos,Vientiane
Laos,Xaignabouri
Laos,Xaisômboun
Laos,Xékong
Laos,Xiangkhoang
Lapthal,Uttarakhand
Latvia,Kurzeme
Latvia,Latgale
Latvia,Riga
Latvia,Vidzeme
Latvia,Zemgale
Lebanon,Akkar
Lebanon,Baalbak - Hermel
Lebanon,Beirut
Lebanon,Bekaa
Lebanon,Mount Lebanon
Lebanon,Nabatiyeh
Lebanon,North
Lebanon,South
Lesotho,Berea
Lesotho,Butha-Buthe
Lesotho,Leribe
Lesotho,Mafeteng
Lesotho,Maseru
Lesotho,Mohale's Hoek
Lesotho,Mokhotlong
Lesotho,Qacha's Nek
Lesotho,Quthing
Lesotho,Thaba-Tseka
Liberia,Bomi
Liberia,Bong
Liberia,Gbapolu
Liberia,Grand Bassa
Liberia,Grand Cape Mount
Liberia,Grand Gedeh
Liberia,Grand Kru
Liberia,Lofa
Liberia,Margibi
Liberia,Maryland
Liberia,Montserrado
Liberia,Nimba
Liberia,River Gee
Liberia,Rivercess
Liberia,Sinoe
Libya,Al Butnan
Libya,Al Jabal al Akhdar
Libya,Al Jabal al Gharbi
Libya,Al Jifarah
Libya,Al Jufrah
Libya,Al Kufrah
Libya,Al Marj
Libya,Al Marqab
Libya,Al Wahat
Libya,An Nuqat al Khams
Libya,Az Zawiyah
Libya,Benghazi
Libya,Darnah
Libya,Ghat
Libya,Misratah
Libya,Murzuq
Libya,Nalut
Libya,Sabha
Libya,Surt
Libya,Tripoli
Libya,Wadi al Hayat
Libya,Wadi ash Shati'
Liechtenstein,Balzers
Liechtenstein,Eschen
Liechtenstein,Gamprin
Liechtenstein,Mauren
Liechtenstein,Planken
Liechtenstein,Ruggell
Liechtenstein,Schaan
Liechtenstein,Schellenberg
Liechtenstein,Triesen
Liechtenstein,Triesenberg
Liechtenstein,Valduz
Lithuania,Alytaus
Lithuania,Kauno
Lithuania,Klaipedos
Lithuania,Marijampoles
Lithuania,Panevezio
Lithuania,Šiauliai
Lithuania,Taurages
Lithuania,Telšiai
Lithuania,Utenos
Lithuania,Vilniaus
Luxembourg,Diekirch
Luxembourg,Grevenmacher
Luxembourg,Luxembourg
Madagascar,Antananarivo
Madagascar,Antsiranana
Madagascar,Fianarantsoa
Madagascar,Mahajanga
Madagascar,Toamasina
Madagascar,Toliary
Malawi,Balaka
Malawi,Blantyre
Malawi,Chikwawa
Malawi,Chiradzulu
Malawi,Chitipa
Malawi,Dedza
Malawi,Dowa
Malawi,Karonga
Malawi,Kasungu
Malawi,Likoma
Malawi,Lilongwe
Malawi,Machinga
Malawi,Mangochi
Malawi,Mchinji
Malawi,Mulanje
Malawi,Mwanza
Malawi,Mzimba
Malawi,Neno
Malawi,Nkhata Bay
Malawi,Nkhotakota
Malawi,Nsanje
Malawi,Ntcheu
Malawi,Ntchisi
Malawi,Phalombe
Malawi,Rumphi
Malawi,Salima
Malawi,Thyolo
Malawi,Zomba
Malaysia,Johor
Malaysia,Kedah
Malaysia,Kelantan
Malaysia,Kuala Lumpur
Malaysia,Labuan
Malaysia,Melaka
Malaysia,Negeri Sembilan
Malaysia,Pahang
Malaysia,Perak
Malaysia,Perlis
Malaysia,Pulau Pinang
Malaysia,Putrajaya
Malaysia,Sabah
Malaysia,Sarawak
Malaysia,Selangor
Malaysia,Trengganu
Maldives,
Mali,Bamako
Mali,Gao
Mali,Kayes
Mali,Kidal
Mali,Koulikoro
Mali,Mopti
Mali,Ségou
Mali,Sikasso
Mali,Timbuktu
Malta,Ċentrali
Malta,Għawdex
Malta,Nofsinhar
Malta,Tramuntana
Malta,Xlokk
Marshall Islands,Ailinglaplap
Marshall Islands,Ailuk
Marshall Islands,Arno
Marshall Islands,Aur
Marshall Islands,Ebon
Marshall Islands,Enewetok
Marshall Islands,Jabat
Marshall Islands,Jaluit
Marshall Islands,Kili / Bikini / Ejit
Marshall Islands,Kwajalein
Marshall Islands,Lae
Marshall Islands,Lib
Marshall Islands,Likiep
Marshall Islands,Majuro
Marshall Islands,Maloelap
Marshall Islands,Mejit
Marshall Islands,Mili
Marshall Islands,Namorik
Marshall Islands,Namu
Marshall Islands,Rongelap
Marshall Islands,Ujae
Marshall Islands,Utirik
Marshall Islands,Wotho
Marshall Islands,Wotje
Martinique,Fort-de-France
Martinique,Le Marin
Martinique,Le Trinité
Martinique,Saint-Pierre
Mauritania,Adrar
Mauritania,Assaba
Mauritania,Brakna
Mauritania,Dakhlet Nouadhibou
Mauritania,Gorgol
Mauritania,Guidimaka
Mauritania,Hodh ech Chargui
Mauritania,Hodh el Gharbi
Mauritania,Inchiri
Mauritania,Nouakchott
Mauritania,Tagant
Mauritania,Tiris Zemmour
Mauritania,Trarza
Mauritius,Agalega Islands
Mauritius,Black River
Mauritius,Flacq
Mauritius,Grand Port
Mauritius,Moka
Mauritius,Pamplemousses
Mauritius,Plaines Wilhems
Mauritius,Port Louis
Mauritius,Rivière du Rempart
Mauritius,Rodriguez
Mauritius,Saint Brandon
Mauritius,Savanne
Mayotte,Acoua
Mayotte,Bandraboua
Mayotte,Bandrele
Mayotte,Boueni
Mayotte,Chiconi
Mayotte,Chirongui
Mayotte,Dembeni
Mayotte,Dzaoudzi
Mayotte,Kani-Keli
Mayotte,Koungou
Mayotte,M'tsangamouji
Mayotte,Mamoudzou
Mayotte,Mtsamboro
Mayotte,Ouangani
Mayotte,Pamandzi
Mayotte,Sada
Mayotte,Tsingoni
México,Aguascalientes
México,Baja California Sur
México,Baja California
México,Campeche
México,Chiapas
México,Chihuahua
México,Coahuila
México,Colima
México,Distrito Federal
México,Durango
México,Guanajuato
México,Guerrero
México,Hidalgo
México,Jalisco
México,México
México,Michoacán
México,Morelos
México,Nayarit
México,Nuevo León
México,Oaxaca
México,Puebla
México,Querétaro
México,Quintana Roo
México,San Luis Potosí
México,Sinaloa
México,Sonora
México,Tabasco
México,Tamaulipas
México,Tlaxcala
México,Veracruz
México,Yucatán
México,Zacatecas
Micronesia,Chuuk
Micronesia,Kosrae
Micronesia,Pohnpei
Micronesia,Yap
Moldova,Anenii Noi
Moldova,Bălţi
Moldova,Basarabeasca
Moldova,Bender
Moldova,Briceni
Moldova,Cahul
Moldova,Calarasi
Moldova,Cantemir
Moldova,Causeni
Moldova,Chişinău
Moldova,Cimişlia
Moldova,Criuleni
Moldova,Donduseni
Moldova,Drochia
Moldova,Dubăsari
Moldova,Edineţ
Moldova,Făleşti
Moldova,Floreşti
Moldova,Găgăuzia
Moldova,Glodeni
Moldova,Hîncesti
Moldova,Ialoveni
Moldova,Leova
Moldova,Nisporeni
Moldova,Ocniţa
Moldova,Orhei
Moldova,Rezina
Moldova,Rîşcani
Moldova,Sîngerei
Moldova,Şoldăneşti
Moldova,Soroca
Moldova,Ştefan Voda
Moldova,Străşeni
Moldova,Taraclia
Moldova,Teleneşti
Moldova,Transnistria
Moldova,Ungheni
Monaco,Monaco
Mongolia,Arhangay
Mongolia,Bayan-Ölgiy
Mongolia,Bayanhongor
Mongolia,Bulgan
Mongolia,Darhan-Uul
Mongolia,Dornod
Mongolia,Dornogovi
Mongolia,Dundgovi
Mongolia,Dzavhan
Mongolia,Govi-Altay
Mongolia,Govisümber
Mongolia,Hentiy
Mongolia,Hovd
Mongolia,Hövsgöl
Mongolia,Ömnögovi
Mongolia,Orhon
Mongolia,Övörhangay
Mongolia,Selenge
Mongolia,Sühbaatar
Mongolia,Töv
Mongolia,Ulaanbaatar
Mongolia,Uvs
Montenegro,Andrijevica
Montenegro,Bar
Montenegro,Berane
Montenegro,Bijelo Polje
Montenegro,Budva
Montenegro,Cetinje
Montenegro,Danilovgrad
Montenegro,Herceg Novi
Montenegro,Kolašin
Montenegro,Kotor
Montenegro,Mojkovac
Montenegro,Nikšic
Montenegro,Plav
Montenegro,Pljevlja
Montenegro,Plužine
Montenegro,Podgorica
Montenegro,Rožaje
Montenegro,Šavnik
Montenegro,Tivat
Montenegro,Ulcinj
Montenegro,Žabljak
Montserrat,Saint Anthon
Montserrat,Saint Georges
Montserrat,Saint Peter
Morocco,Chaouia - Ouardigha
Morocco,Doukkala - Abda
Morocco,Fès - Boulemane
Morocco,Gharb - Chrarda - Béni Hssen
Morocco,Grand Casablanca
Morocco,Guelmim - Es-Semara
Morocco,Laâyoune - Boujdour - Sakia El H
Morocco,Marrakech - Tensift - Al Haouz
Morocco,Meknès - Tafilalet
Morocco,Oriental
Morocco,Rabat - Salé - Zemmour - Zaer
Morocco,Souss - Massa - Draâ
Morocco,Tadla - Azilal
Morocco,Tanger - Tétouan
Morocco,Taza - Al Hoceima - Taounate
Mozambique,Cabo Delgado
Mozambique,Gaza
Mozambique,Inhambane
Mozambique,Manica
Mozambique,Maputo City
Mozambique,Maputo
Mozambique,Nampula
Mozambique,Nassa
Mozambique,Sofala
Mozambique,Tete
Mozambique,Zambezia
Myanmar,Ayeyarwady
Myanmar,Bago
Myanmar,Chin
Myanmar,Kachin
Myanmar,Kayah
Myanmar,Kayin
Myanmar,Magway
Myanmar,Mandalay
Myanmar,Mon
Myanmar,Naypyitaw
Myanmar,Rakhine
Myanmar,Sagaing
Myanmar,Shan
Myanmar,Tanintharyi
Myanmar,Yangon
Namibia,!Karas
Namibia,Erongo
Namibia,Hardap
Namibia,Kavango
Namibia,Khomas
Namibia,Kunene
Namibia,Ohangwena
Namibia,Omaheke
Namibia,Omusati
Namibia,Oshana
Namibia,Oshikoto
Namibia,Otjozondjupa
Namibia,Zambezi
Nauru,Aiwo
Nauru,Anabar
Nauru,Anetan
Nauru,Anibare
Nauru,Baiti
Nauru,Boe
Nauru,Buada
Nauru,Denigomodu
Nauru,Ewa
Nauru,Ijuw
Nauru,Meneng
Nauru,Nibok
Nauru,Uaboe
Nauru,Yaren
Nepal,Central
Nepal,East
Nepal,Far-Western
Nepal,Mid-Western
Nepal,West
Netherlands,Drenthe
Netherlands,Flevoland
Netherlands,Fryslân
Netherlands,Gelderland
Netherlands,Groningen
Netherlands,IJsselmeer
Netherlands,Limburg
Netherlands,Noord-Brabant
Netherlands,Noord-Holland
Netherlands,Overijssel
Netherlands,Utrecht
Netherlands,Zeeland
Netherlands,Zeeuwse meren
Netherlands,Zuid-Holland
Netherlands,Zuid Hollandse Meren
New Caledonia,Îles Loyauté
New Caledonia,Nord
New Caledonia,Sud
New Zealand,Auckland
New Zealand,Bay of Plenty
New Zealand,Canterbury
New Zealand,Chatham Islands
New Zealand,Gisborne
New Zealand,Hawke's Bay
New Zealand,Manawatu-Wanganui
New Zealand,Marlborough
New Zealand,Nelson
New Zealand,Northern Islands
New Zealand,Northland
New Zealand,Otago
New Zealand,Southern Islands
New Zealand,Southland
New Zealand,Taranaki
New Zealand,Tasman
New Zealand,Waikato
New Zealand,Wellington
New Zealand,West Coast
Nicaragua,Atlántico Norte
Nicaragua,Atlántico Sur
Nicaragua,Boaco
Nicaragua,Carazo
Nicaragua,Chinandega
Nicaragua,Chontales
Nicaragua,Estelí
Nicaragua,Granada
Nicaragua,Jinotega
Nicaragua,Lago Nicaragua
Nicaragua,León
Nicaragua,Madriz
Nicaragua,Managua
Nicaragua,Masaya
Nicaragua,Matagalpa
Nicaragua,Nueva Segovia
Nicaragua,Río San Juan
Nicaragua,Rivas
Niger,Agadez
Niger,Diffa
Niger,Dosso
Niger,Maradi
Niger,Niamey
Niger,Tahoua
Niger,Tillabéry
Niger,Zinder
Nigeria,Abia
Nigeria,Adamawa
Nigeria,Akwa Ibom
Nigeria,Anambra
Nigeria,Bauchi
Nigeria,Bayelsa
Nigeria,Benue
Nigeria,Borno
Nigeria,Cross River
Nigeria,Delta
Nigeria,Ebonyi
Nigeria,Edo
Nigeria,Ekiti
Nigeria,Enugu
Nigeria,Federal Capital Territory
Nigeria,Gombe
Nigeria,Imo
Nigeria,Jigawa
Nigeria,Kaduna
Nigeria,Kano
Nigeria,Katsina
Nigeria,Kebbi
Nigeria,Kogi
Nigeria,Kwara
Nigeria,Lagos
Nigeria,Nasarawa
Nigeria,Niger
Nigeria,Ogun
Nigeria,Ondo
Nigeria,Osun
Nigeria,Oyo
Nigeria,Plateau
Nigeria,Rivers
Nigeria,Sokoto
Nigeria,Taraba
Nigeria,Yobe
Nigeria,Zamfara
Niue,
Norfolk Island,
North Korea,Chagang-do
North Korea,Hamgyŏng-bukto
North Korea,Hamgyŏng-namdo
North Korea,Hwanghae-bukto
North Korea,Hwanghae-namdo
North Korea,Kaesŏng
North Korea,Kangwŏn-do
North Korea,Kumgangsan
North Korea,P'yŏngan-bukto
North Korea,P'yŏngan-namdo
North Korea,P'yŏngyang
North Korea,Rasŏn
North Korea,Ryanggang
North Korea,Sinŭiju
North Macedonia,Aerodrom
North Macedonia,Aracinovo
North Macedonia,Berovo
North Macedonia,Bitola
North Macedonia,Bogdanci
North Macedonia,Bogovinje
North Macedonia,Bosilovo
North Macedonia,Brvenica
North Macedonia,Butel
North Macedonia,Čair
North Macedonia,Čaška
North Macedonia,Centar župa
North Macedonia,Centar
North Macedonia,Češinovo-Obleševo
North Macedonia,Čučer Sandevo
North Macedonia,Debar
North Macedonia,Debarca
North Macedonia,Delčevo
North Macedonia,Demir Hisar
North Macedonia,Demir Kapija
North Macedonia,Dolneni
North Macedonia,Gazi Baba
North Macedonia,Gevgelija
North Macedonia,Gjorče Petrov
North Macedonia,Gostivar
North Macedonia,Gradsko
North Macedonia,Ilinden
North Macedonia,Jegunovtse
North Macedonia,Karbinci
North Macedonia,Karpoš
North Macedonia,Kavadartsi
North Macedonia,Kičevo
North Macedonia,Kisela Voda
North Macedonia,Kočani
North Macedonia,Konče
North Macedonia,Kratovo
North Macedonia,Kriva Palanka
North Macedonia,Krivogaštani
North Macedonia,Kruševo
North Macedonia,Kumanovo
North Macedonia,Lake Ohrid
North Macedonia,Lipkovo
North Macedonia,Lozovo
North Macedonia,Makedonska Kamenica
North Macedonia,Makedonski Brod
North Macedonia,Mavrovo and Rostuša
North Macedonia,Mogila
North Macedonia,Negotino
North Macedonia,Novatsi
North Macedonia,Novo Selo
North Macedonia,Ohrid
North Macedonia,Pehčevo
North Macedonia,Petrovec
North Macedonia,Plasnica
North Macedonia,Prilep
North Macedonia,Probištip
North Macedonia,Radoviš
North Macedonia,Rankovce
North Macedonia,Resen
North Macedonia,Rosoman
North Macedonia,Saraj
North Macedonia,Sopište
North Macedonia,Star Dojran
North Macedonia,Staro Nagoričane
North Macedonia,Štip
North Macedonia,Struga
North Macedonia,Strumitsa
North Macedonia,Studeničani
North Macedonia,Šuto Orizari
North Macedonia,Sveti Nikole
North Macedonia,Tearce
North Macedonia,Tetovo
North Macedonia,Valandovo
North Macedonia,Vasilevo
North Macedonia,Veles
North Macedonia,Vevčani
North Macedonia,Vinitsa
North Macedonia,Vrapčište
North Macedonia,Zelenikovo
North Macedonia,Želino
North Macedonia,Zrnovci
Northern Cyprus,Gazimağusa
Northern Cyprus,Girne
Northern Cyprus,Güzelyurt
Northern Cyprus,Iskele
Northern Cyprus,Nicosia
Northern Mariana Islands,Northern Islands
Northern Mariana Islands,Rota
Northern Mariana Islands,Saipan
Northern Mariana Islands,Tinian
Norway,Akershus
Norway,Ãstfold
Norway,Aust-Agder
Norway,Buskerud
Norway,Finnmark
Norway,Hedmark
Norway,Hordaland
Norway,Møre og Romsdal
Norway,Nord-Trøndelag
Norway,Nordland
Norway,Oppland
Norway,Oslo
Norway,Rogaland
Norway,Sogn og Fjordane
Norway,Sør-Trøndelag
Norway,Telemark
Norway,Troms
Norway,Vest-Agder
Norway,Vestfold
Oman,Ad Dakhliyah
Oman,Al Batinah North
Oman,Al Batinah South
Oman,Al Buraymi
Oman,Al Dhahira
Oman,Al Wusta
Oman,Ash Sharqiyah North
Oman,Ash Sharqiyah South
Oman,Dhofar
Oman,Musandam
Oman,Muscat
Pa-li-chia-ssu,Xizang
Pakistan,Balochistan
Pakistan,Federally Administered Tribal Ar
Pakistan,Islamabad
Pakistan,Khyber-Pakhtunkhwa
Pakistan,Punjab
Pakistan,Sindh
Palau,Aimeliik
Palau,Airai
Palau,Angaur
Palau,Hatohobei
Palau,Kayangel
Palau,Koror
Palau,Melekeok
Palau,Ngaraard
Palau,Ngarchelong
Palau,Ngardmau
Palau,Ngatpang
Palau,Ngchesar
Palau,Ngeremlengui
Palau,Ngiwal
Palau,Peleliu
Palau,Sonsorol
Palestine,Gaza
Palestine,West Bank
Panama,Bocas del Toro
Panama,Chiriquí
Panama,Coclé
Panama,Colón
Panama,Darién
Panama,Emberá
Panama,Herrera
Panama,Kuna Yala
Panama,Los Santos
Panama,Ngöbe Buglé
Panama,Panamá Oeste
Panama,Panamá
Panama,Veraguas
Papua New Guinea,Bougainville
Papua New Guinea,Central
Papua New Guinea,Chimbu
Papua New Guinea,East New Britain
Papua New Guinea,East Sepik
Papua New Guinea,Eastern Highlands
Papua New Guinea,Enga
Papua New Guinea,Gulf
Papua New Guinea,Hela
Papua New Guinea,Jiwaka
Papua New Guinea,Madang
Papua New Guinea,Manus
Papua New Guinea,Milne Bay
Papua New Guinea,Morobe
Papua New Guinea,National Capital District
Papua New Guinea,New Ireland
Papua New Guinea,Oro
Papua New Guinea,Sandaun
Papua New Guinea,Southern Highlands
Papua New Guinea,West New Britain
Papua New Guinea,Western Highlands
Papua New Guinea,Western
Paracel Islands,
Paraguay,Alto Paraguay
Paraguay,Alto Paraná
Paraguay,Amambay
Paraguay,Asunción
Paraguay,Boquerón
Paraguay,Caaguazú
Paraguay,Caazapá
Paraguay,Canindeyú
Paraguay,Central
Paraguay,Concepción
Paraguay,Cordillera
Paraguay,Guairá
Paraguay,Itapúa
Paraguay,Misiones
Paraguay,Ñeembucú
Paraguay,Paraguarí
Paraguay,Presidente Hayes
Paraguay,San Pedro
Peru,Amazonas
Peru,Ancash
Peru,Apurímac
Peru,Arequipa
Peru,Ayacucho
Peru,Cajamarca
Peru,Callao
Peru,Cusco
Peru,Huancavelica
Peru,Huánuco
Peru,Ica
Peru,Junín
Peru,La Libertad
Peru,Lambayeque
Peru,Lima Province
Peru,Lima
Peru,Loreto
Peru,Madre de Dios
Peru,Moquegua
Peru,Pasco
Peru,Piura
Peru,Puno
Peru,San Martín
Peru,Tacna
Peru,Tumbes
Peru,Ucayali
Philippines,Abra
Philippines,Agusan del Norte
Philippines,Agusan del Sur
Philippines,Aklan
Philippines,Albay
Philippines,Antique
Philippines,Apayao
Philippines,Aurora
Philippines,Basilan
Philippines,Bataan
Philippines,Batanes
Philippines,Batangas
Philippines,Benguet
Philippines,Biliran
Philippines,Bohol
Philippines,Bukidnon
Philippines,Bulacan
Philippines,Cagayan
Philippines,Camarines Norte
Philippines,Camarines Sur
Philippines,Camiguin
Philippines,Capiz
Philippines,Catanduanes
Philippines,Cavite
Philippines,Cebu
Philippines,Compostela Valley
Philippines,Davao del Norte
Philippines,Davao del Sur
Philippines,Davao Oriental
Philippines,Dinagat Islands
Philippines,Eastern Samar
Philippines,Guimaras
Philippines,Ifugao
Philippines,Ilocos Norte
Philippines,Ilocos Sur
Philippines,Iloilo
Philippines,Isabela
Philippines,Kalinga
Philippines,La Union
Philippines,Laguna
Philippines,Lanao del Norte
Philippines,Lanao del Sur
Philippines,Leyte
Philippines,Maguindanao
Philippines,Marinduque
Philippines,Masbate
Philippines,Metropolitan Manila
Philippines,Misamis Occidental
Philippines,Misamis Oriental
Philippines,Mountain Province
Philippines,Negros Occidental
Philippines,Negros Oriental
Philippines,North Cotabato
Philippines,Northern Samar
Philippines,Nueva Ecija
Philippines,Nueva Vizcaya
Philippines,Occidental Mindoro
Philippines,Oriental Mindoro
Philippines,Palawan
Philippines,Pampanga
Philippines,Pangasinan
Philippines,Quezon
Philippines,Quirino
Philippines,Rizal
Philippines,Romblon
Philippines,Samar
Philippines,Sarangani
Philippines,Siquijor
Philippines,Sorsogon
Philippines,South Cotabato
Philippines,Southern Leyte
Philippines,Sultan Kudarat
Philippines,Sulu
Philippines,Surigao del Norte
Philippines,Surigao del Sur
Philippines,Tarlac
Philippines,Tawi-Tawi
Philippines,Zambales
Philippines,Zamboanga del Norte
Philippines,Zamboanga del Sur
Philippines,Zamboanga Sibugay
Pitcairn Islands,
Poland,Dolnośląskie
Poland,Kujawsko-Pomorskie
Poland,Łódzkie
Poland,Lubelskie
Poland,Lubuskie
Poland,Małopolskie
Poland,Mazowieckie
Poland,Opolskie
Poland,Podkarpackie
Poland,Podlaskie
Poland,Pomorskie
Poland,Śląskie
Poland,Świętokrzyskie
Poland,Warmińsko-Mazurskie
Poland,Wielkopolskie
Poland,Zachodniopomorskie
Portugal,Aveiro
Portugal,Azores
Portugal,Beja
Portugal,Braga
Portugal,Bragança
Portugal,Castelo Branco
Portugal,Coimbra
Portugal,Évora
Portugal,Faro
Portugal,Guarda
Portugal,Leiria
Portugal,Lisboa
Portugal,Madeira
Portugal,Portalegre
Portugal,Porto
Portugal,Santarém
Portugal,Setúbal
Portugal,Viana do Castelo
Portugal,Vila Real
Portugal,Viseu
Puerto Rico,Adjuntas
Puerto Rico,Aguada
Puerto Rico,Aguadilla
Puerto Rico,Aguas Buenas
Puerto Rico,Aibonito
Puerto Rico,Añasco
Puerto Rico,Arecibo
Puerto Rico,Arroyo
Puerto Rico,Barceloneta
Puerto Rico,Barranquitas
Puerto Rico,Bayamón
Puerto Rico,Cabo Rojo
Puerto Rico,Caguas
Puerto Rico,Camuy
Puerto Rico,Canóvanas
Puerto Rico,Carolina
Puerto Rico,Cataño
Puerto Rico,Cayey
Puerto Rico,Ceiba
Puerto Rico,Ciales
Puerto Rico,Cidra
Puerto Rico,Coamo
Puerto Rico,Comerío
Puerto Rico,Corozal
Puerto Rico,Culebra
Puerto Rico,Dorado
Puerto Rico,Fajardo
Puerto Rico,Florida
Puerto Rico,Guánica
Puerto Rico,Guayama
Puerto Rico,Guayanilla
Puerto Rico,Guaynabo
Puerto Rico,Gurabo
Puerto Rico,Hatillo
Puerto Rico,Hormigueros
Puerto Rico,Humacao
Puerto Rico,Isabela
Puerto Rico,Jayuya
Puerto Rico,Juana Díaz
Puerto Rico,Juncos
Puerto Rico,Lajas
Puerto Rico,Lares
Puerto Rico,Las Marías
Puerto Rico,Las Piedras
Puerto Rico,Loíza
Puerto Rico,Luquillo
Puerto Rico,Manatí
Puerto Rico,Maricao
Puerto Rico,Maunabo
Puerto Rico,Mayagüez
Puerto Rico,Moca
Puerto Rico,Morovis
Puerto Rico,Naguabo
Puerto Rico,Naranjito
Puerto Rico,Orocovis
Puerto Rico,Patillas
Puerto Rico,Peñuelas
Puerto Rico,Ponce
Puerto Rico,Quebradillas
Puerto Rico,Rincón
Puerto Rico,Río Grande
Puerto Rico,Sabana Grande
Puerto Rico,Salinas
Puerto Rico,San Germán
Puerto Rico,San Juan
Puerto Rico,San Lorenzo
Puerto Rico,San Sebastián
Puerto Rico,Santa Isabel
Puerto Rico,Toa Alta
Puerto Rico,Toa Baja
Puerto Rico,Trujillo Alto
Puerto Rico,Utuado
Puerto Rico,Vega Alta
Puerto Rico,Vega Baja
Puerto Rico,Vieques
Puerto Rico,Villalba
Puerto Rico,Yabucoa
Puerto Rico,Yauco
Qatar,Ad Dawhah
Qatar,Al Daayen
Qatar,Al Khor
Qatar,Al Wakrah
Qatar,Ar Rayyan
Qatar,Madinat ash Shamal
Qatar,Umm Salal
Republic of the Congo,Bouenza
Republic of the Congo,Brazzaville
Republic of the Congo,Cuvette-Ouest
Republic of the Congo,Cuvette
Republic of the Congo,Kouilou
Republic of the Congo,Lékoumou
Republic of the Congo,Likouala
Republic of the Congo,Niari
Republic of the Congo,Plateaux
Republic of the Congo,Pointe Noire
Republic of the Congo,Pool
Republic of the Congo,Sangha
Réunion,Saint-Benoît
Réunion,Saint-Denis
Réunion,Saint-Paul
Réunion,Saint-Pierre
Romania,Alba
Romania,Arad
Romania,Argeș
Romania,Bacău
Romania,Bihor
Romania,Bistrița-Năsăud
Romania,Botoșani
Romania,Brăila
Romania,Brașov
Romania,Bucharest
Romania,Buzău
Romania,Călărași
Romania,Caraș-Severin
Romania,Cluj
Romania,Constanța
Romania,Covasna
Romania,Dâmbovița
Romania,Dolj
Romania,Galați
Romania,Giurgiu
Romania,Gorj
Romania,Harghita
Romania,Hunedoara
Romania,Ialomița
Romania,Iași
Romania,Ilfov
Romania,Maramureș
Romania,Mehedinți
Romania,Mureș
Romania,Neamț
Romania,Olt
Romania,Prahova
Romania,Sălaj
Romania,Satu Mare
Romania,Sibiu
Romania,Suceava
Romania,Teleorman
Romania,Timiș
Romania,Tulcea
Romania,Vâlcea
Romania,Vaslui
Romania,Vrancea
Russia,Adygey
Russia,Altay
Russia,Amur
Russia,Arkhangel'sk
Russia,Astrakhan'
Russia,Bashkortostan
Russia,Belgorod
Russia,Bryansk
Russia,Buryat
Russia,Chechnya
Russia,Chelyabinsk
Russia,Chukot
Russia,Chuvash
Russia,City of St. Petersburg
Russia,Dagestan
Russia,Gorno-Altay
Russia,Ingush
Russia,Irkutsk
Russia,Ivanovo
Russia,Kabardin-Balkar
Russia,Kaliningrad
Russia,Kalmyk
Russia,Kaluga
Russia,Kamchatka
Russia,Karachay-Cherkess
Russia,Karelia
Russia,Kemerovo
Russia,Khabarovsk
Russia,Khakass
Russia,Khanty-Mansiy
Russia,Kirov
Russia,Komi
Russia,Kostroma
Russia,Krasnodar
Russia,Krasnoyarsk
Russia,Kurgan
Russia,Kursk
Russia,Leningrad
Russia,Lipetsk
Russia,Magadan
Russia,Mariy-El
Russia,Mordovia
Russia,Moscow City
Russia,Moskva
Russia,Murmansk
Russia,Nenets
Russia,Nizhegorod
Russia,North Ossetia
Russia,Novgorod
Russia,Novosibirsk
Russia,Omsk
Russia,Orel
Russia,Orenburg
Russia,Penza
Russia,Perm'
Russia,Primor'ye
Russia,Pskov
Russia,Rostov
Russia,Ryazan'
Russia,Sakha
Russia,Sakhalin
Russia,Samara
Russia,Saratov
Russia,Smolensk
Russia,Stavropol'
Russia,Sverdlovsk
Russia,Tambov
Russia,Tatarstan
Russia,Tomsk
Russia,Tula
Russia,Tuva
Russia,Tver'
Russia,Tyumen'
Russia,Udmurt
Russia,Ul'yanovsk
Russia,Vladimir
Russia,Volgograd
Russia,Vologda
Russia,Voronezh
Russia,Yamal-Nenets
Russia,Yaroslavl'
Russia,Yevrey
Russia,Zabaykal'ye
Rwanda,Amajyaruguru
Rwanda,Amajyepfo
Rwanda,Iburasirazuba
Rwanda,Iburengerazuba
Rwanda,Umujyi wa Kigali
Saint-Barthélemy,Au Vent
Saint-Barthélemy,Sous le Vent
Saint-Martin,
"Saint Helena, Ascension and Tris",Ascension
"Saint Helena, Ascension and Tris",Saint Helena
"Saint Helena, Ascension and Tris",Tristan da Cunha
Saint Kitts and Nevis,Christ Church Nichola Town
Saint Kitts and Nevis,Saint Anne Sandy Point
Saint Kitts and Nevis,Saint George Basseterre
Saint Kitts and Nevis,Saint George Gingerland
Saint Kitts and Nevis,Saint James Windward
Saint Kitts and Nevis,Saint John Capisterre
Saint Kitts and Nevis,Saint John Figtree
Saint Kitts and Nevis,Saint Mary Cayon
Saint Kitts and Nevis,Saint Paul Capisterre
Saint Kitts and Nevis,Saint Paul Charlestown
Saint Kitts and Nevis,Saint Peter Basseterre
Saint Kitts and Nevis,Saint Thomas Lowland
Saint Kitts and Nevis,Saint Thomas Middle Island
Saint Kitts and Nevis,Trinity Palmetto Point
Saint Lucia,Anse-la-Raye
Saint Lucia,Canaries
Saint Lucia,Castries
Saint Lucia,Choiseul
Saint Lucia,Dennery
Saint Lucia,Gros Islet
Saint Lucia,Laborie
Saint Lucia,Micoud
Saint Lucia,Soufrière
Saint Lucia,Vieux Fort
Saint Pierre and Miquelon,Miquelon-Langlade
Saint Pierre and Miquelon,Saint-Pierre
Saint Vincent and the Grenadines,Charlotte
Saint Vincent and the Grenadines,Grenadines
Saint Vincent and the Grenadines,Saint Andrew
Saint Vincent and the Grenadines,Saint David
Saint Vincent and the Grenadines,Saint George
Saint Vincent and the Grenadines,Saint Patrick
Samoa,A'ana
Samoa,Aiga-i-le-Tai
Samoa,Atua
Samoa,Fa'asaleleaga
Samoa,Gaga'emauga
Samoa,Gagaifomauga
Samoa,Palauli
Samoa,Satupa'itea
Samoa,Tuamasaga
Samoa,Va'a-o-Fonoti
Samoa,Vaisigano
San Marino,Acquaviva
San Marino,Borgo Maggiore
San Marino,Chiesanuova
San Marino,Domagnano
San Marino,Faetano
San Marino,Fiorentino
San Marino,Montegiardino
San Marino,San Marino
San Marino,Serravalle
Sang,Himachal Pradesh
Sang,Uttarakhand
São Tomé and Príncipe,Príncipe
São Tomé and Príncipe,São Tomé
Saudi Arabia,'Asir
Saudi Arabia,Al Bahah
Saudi Arabia,Al Hudud ash Shamaliyah
Saudi Arabia,Al Jawf
Saudi Arabia,Al Madinah
Saudi Arabia,Al Qassim
Saudi Arabia,Ar Riyad
Saudi Arabia,Ash-Sharqīyah
Saudi Arabia,Ḥaʼil
Saudi Arabia,Jizan
Saudi Arabia,Makkah
Saudi Arabia,Najran
Saudi Arabia,Tabuk
Senegal,Dakar
Senegal,Diourbel
Senegal,Fatick
Senegal,Kaffrine
Senegal,Kaolack
Senegal,Kédougou
Senegal,Kolda
Senegal,Louga
Senegal,Matam
Senegal,Saint-Louis
Senegal,Sédhiou
Senegal,Tambacounda
Senegal,Thiès
Senegal,Ziguinchor
Serbia,Borski
Serbia,Braničevski
Serbia,Grad Beograd
Serbia,Jablanički
Serbia,Južno-Bački
Serbia,Južno-Banatski
Serbia,Kolubarski
Serbia,Mačvanski
Serbia,Moravički
Serbia,Nišavski
Serbia,Pčinjski
Serbia,Pirotski
Serbia,Podunavski
Serbia,Pomoravski
Serbia,Rasinski
Serbia,Raški
Serbia,Severno-Bački
Serbia,Severno-Banatski
Serbia,Srednje-Banatski
Serbia,Sremski
Serbia,Šumadijski
Serbia,Toplički
Serbia,Zaječarski
Serbia,Zapadno-Bački
Serbia,Zlatiborski
Seychelles,Anse aux Pins
Seychelles,Anse Boileau
Seychelles,Anse Étoile
Seychelles,Anse Royale
Seychelles,Au Cap
Seychelles,Baie Lazare
Seychelles,Baie Sainte Anne
Seychelles,Beau Vallon
Seychelles,Bel Air
Seychelles,Belombre
Seychelles,Cascade
Seychelles,English River
Seychelles,Glacis
Seychelles,Grand' Anse
Seychelles,Grand'Anse Praslin
Seychelles,La Digue and Inner Islands
Seychelles,Les Mamelles
Seychelles,Mont Buxton
Seychelles,Mont Fleuri
Seychelles,Outer Islands
Seychelles,Plaisance
Seychelles,Pointe La Rue
Seychelles,Port Glaud
Seychelles,Roche Caïman
Seychelles,Saint Louis
Seychelles,Takamaka
Shaksgam Valley,Xinjiang Uygur
Sierra Leone,Eastern
Sierra Leone,Northern
Sierra Leone,Southern
Sierra Leone,Western
Singapore,Central
Singapore,East
Singapore,North-East
Singapore,North
Singapore,West
Sint Maarten,
Slovakia,Banskobystrický
Slovakia,Bratislavský
Slovakia,Košický
Slovakia,Nitriansky
Slovakia,Prešovský
Slovakia,Trenčiansky
Slovakia,Trnavský
Slovakia,Žilinský
Slovenia,Gorenjska
Slovenia,Goriška
Slovenia,Jugovzhodna Slovenija
Slovenia,Koroška
Slovenia,Notranjsko-kraška
Slovenia,Obalno-kraška
Slovenia,Osrednjeslovenska
Slovenia,Podravska
Slovenia,Pomurska
Slovenia,Savinjska
Slovenia,Spodnjeposavska
Slovenia,Zasavska
Solomon Islands,Central
Solomon Islands,Choiseul
Solomon Islands,Guadalcanal
Solomon Islands,Honiara
Solomon Islands,Isabel
Solomon Islands,Makira Ulawa
Solomon Islands,Malaita
Solomon Islands,Rennell and Bellona
Solomon Islands,Temotu
Solomon Islands,Western
Somalia,Awdal
Somalia,Bakool
Somalia,Banaadir
Somalia,Bari
Somalia,Bay
Somalia,Galguduud
Somalia,Gedo
Somalia,Hiiraan
Somalia,Jubbada Dhexe
Somalia,Jubbada Hoose
Somalia,Mudug
Somalia,Nugaal
Somalia,Sanaag
Somalia,Shabeellaha Dhexe
Somalia,Shabeellaha Hoose
Somalia,Sool
Somalia,Togdheer
Somalia,Woqooyi Galbeed
South Africa,Eastern Cape
South Africa,Free State
South Africa,Gauteng
South Africa,KwaZulu-Natal
South Africa,Limpopo
South Africa,Mpumalanga
South Africa,North West
South Africa,Northern Cape
South Africa,Western Cape
South Georgia and the South Sand,
South Korea,Busan
South Korea,Chungcheongbuk-do
South Korea,Chungcheongnam-do
South Korea,Daegu
South Korea,Daejeon
South Korea,Gangwon-do
South Korea,Gwangju
South Korea,Gyeonggi-do
South Korea,Gyeongsangbuk-do
South Korea,Gyeongsangnam-do
South Korea,Incheon
South Korea,Jeju
South Korea,Jeollabuk-do
South Korea,Jeollanam-do
South Korea,Sejong
South Korea,Seoul
South Korea,Ulsan
South Sudan,Central Equatoria
South Sudan,Eastern Equatoria
South Sudan,Jungoli
South Sudan,Lakes
South Sudan,North Bahr-al-Ghazal
South Sudan,Unity
South Sudan,Upper Nile
South Sudan,Warap
South Sudan,West Bahr-al-Ghazal
South Sudan,West Equatoria
Spain,Andalucía
Spain,Aragón
Spain,Cantabria
Spain,Castilla-La Mancha
Spain,Castilla y León
Spain,Cataluña
Spain,Ceuta y Melilla
Spain,Comunidad de Madrid
Spain,Comunidad Foral de Navarra
Spain,Comunidad Valenciana
Spain,Extremadura
Spain,Galicia
Spain,Islas Baleares
Spain,Islas Canarias
Spain,La Rioja
Spain,País Vasco
Spain,Principado de Asturias
Spain,Región de Murcia
Spratly Islands,
Sri Lanka,Ampara
Sri Lanka,Anuradhapura
Sri Lanka,Badulla
Sri Lanka,Batticaloa
Sri Lanka,Colombo
Sri Lanka,Galle
Sri Lanka,Gampaha
Sri Lanka,Hambantota
Sri Lanka,Jaffna
Sri Lanka,Kalutara
Sri Lanka,Kandy
Sri Lanka,Kegalle
Sri Lanka,Kilinochchi
Sri Lanka,Kurunegala
Sri Lanka,Mannar
Sri Lanka,Matale
Sri Lanka,Matara
Sri Lanka,Moneragala
Sri Lanka,Mullaitivu
Sri Lanka,Nuwara Eliya
Sri Lanka,Polonnaruwa
Sri Lanka,Puttalam
Sri Lanka,Ratnapura
Sri Lanka,Trincomalee
Sri Lanka,Vavuniya
Sudan,Al Jazirah
Sudan,Al Qadarif
Sudan,Blue Nile
Sudan,Central Darfur
Sudan,East Darfur
Sudan,Kassala
Sudan,Khartoum
Sudan,North Darfur
Sudan,North Kurdufan
Sudan,Northern
Sudan,Red Sea
Sudan,River Nile
Sudan,Sennar
Sudan,South Darfur
Sudan,South Kurdufan
Sudan,West Darfur
Sudan,West Kurdufan
Sudan,White Nile
Suriname,Brokopondo
Suriname,Commewijne
Suriname,Coronie
Suriname,Marowijne
Suriname,Nickerie
Suriname,Para
Suriname,Paramaribo
Suriname,Saramacca
Suriname,Sipaliwini
Suriname,Wanica
Svalbard and Jan Mayen,Jan Mayen
Svalbard and Jan Mayen,Svalbard
Swaziland,Hhohho
Swaziland,Lubombo
Swaziland,Manzini
Swaziland,Shiselweni
Sweden,Blekinge
Sweden,Dalarna
Sweden,Gävleborg
Sweden,Gotland
Sweden,Halland
Sweden,Jämtland
Sweden,Jönköping
Sweden,Kalmar
Sweden,Kronoberg
Sweden,Norrbotten
Sweden,Orebro
Sweden,Östergötland
Sweden,Skåne
Sweden,Södermanland
Sweden,Stockholm
Sweden,Uppsala
Sweden,Värmland
Sweden,Västerbotten
Sweden,Västernorrland
Sweden,Västmanland
Sweden,Västra Götaland
Switzerland,Aargau
Switzerland,Appenzell Ausserrhoden
Switzerland,Appenzell Innerrhoden
Switzerland,Basel-Landschaft
Switzerland,Basel-Stadt
Switzerland,Bern
Switzerland,Fribourg
Switzerland,Genève
Switzerland,Glarus
Switzerland,Graubünden
Switzerland,Jura
Switzerland,Lucerne
Switzerland,Neuchâtel
Switzerland,Nidwalden
Switzerland,Obwalden
Switzerland,Sankt Gallen
Switzerland,Schaffhausen
Switzerland,Schwyz
Switzerland,Solothurn
Switzerland,Thurgau
Switzerland,Ticino
Switzerland,Uri
Switzerland,Valais
Switzerland,Vaud
Switzerland,Zug
Switzerland,Zürich
Syria,Al Ḥasakah
Syria,Aleppo
Syria,Ar Raqqah
Syria,As Suwayda'
Syria,Damascus
Syria,Dar`a
Syria,Dayr Az Zawr
Syria,Hamah
Syria,Hims
Syria,Idlib
Syria,Lattakia
Syria,Quneitra
Syria,Rif Dimashq
Syria,Tartus
Taiwan,Fujian
Taiwan,Kaohsiung
Taiwan,New Taipei
Taiwan,Taichung
Taiwan,Tainan
Taiwan,Taipei
Taiwan,Taiwan
Tajikistan,Districts of Republican Subordin
Tajikistan,Dushanbe
Tajikistan,Gorno-Badakhshan
Tajikistan,Khatlon
Tajikistan,Sughd
Tanzania,Arusha
Tanzania,Dar es Salaam
Tanzania,Dodoma
Tanzania,Geita
Tanzania,Iringa
Tanzania,Kagera
Tanzania,Kaskazini Pemba
Tanzania,Kaskazini Unguja
Tanzania,Katavi
Tanzania,Kigoma
Tanzania,Kilimanjaro
Tanzania,Kusini Pemba
Tanzania,Kusini Unguja
Tanzania,Lindi
Tanzania,Manyara
Tanzania,Mara
Tanzania,Mbeya
Tanzania,Mjini Magharibi
Tanzania,Morogoro
Tanzania,Mtwara
Tanzania,Mwanza
Tanzania,Njombe
Tanzania,Pwani
Tanzania,Rukwa
Tanzania,Ruvuma
Tanzania,Shinyanga
Tanzania,Simiyu
Tanzania,Singida
Tanzania,Songwe
Tanzania,Tabora
Tanzania,Tanga
Thailand,Amnat Charoen
Thailand,Ang Thong
Thailand,Bangkok Metropolis
Thailand,Bueng Kan
Thailand,Buri Ram
Thailand,Chachoengsao
Thailand,Chai Nat
Thailand,Chaiyaphum
Thailand,Chanthaburi
Thailand,Chiang Mai
Thailand,Chiang Rai
Thailand,Chon Buri
Thailand,Chumphon
Thailand,Kalasin
Thailand,Kamphaeng Phet
Thailand,Kanchanaburi
Thailand,Khon Kaen
Thailand,Krabi
Thailand,Lampang
Thailand,Lamphun
Thailand,Loei
Thailand,Lop Buri
Thailand,Mae Hong Son
Thailand,Maha Sarakham
Thailand,Mukdahan
Thailand,Nakhon Nayok
Thailand,Nakhon Pathom
Thailand,Nakhon Phanom
Thailand,Nakhon Ratchasima
Thailand,Nakhon Sawan
Thailand,Nakhon Si Thammarat
Thailand,Nan
Thailand,Narathiwat
Thailand,Nong Bua Lam Phu
Thailand,Nong Khai
Thailand,Nonthaburi
Thailand,Pathum Thani
Thailand,Pattani
Thailand,Phangnga
Thailand,Phatthalung
Thailand,Phayao
Thailand,Phetchabun
Thailand,Phetchaburi
Thailand,Phichit
Thailand,Phitsanulok
Thailand,Phra Nakhon Si Ayutthaya
Thailand,Phrae
Thailand,Phuket
Thailand,Prachin Buri
Thailand,Prachuap Khiri Khan
Thailand,Ranong
Thailand,Ratchaburi
Thailand,Rayong
Thailand,Roi Et
Thailand,Sa Kaeo
Thailand,Sakon Nakhon
Thailand,Samut Prakan
Thailand,Samut Sakhon
Thailand,Samut Songkhram
Thailand,Saraburi
Thailand,Satun
Thailand,Si Sa Ket
Thailand,Sing Buri
Thailand,Songkhla
Thailand,Sukhothai
Thailand,Suphan Buri
Thailand,Surat Thani
Thailand,Surin
Thailand,Tak
Thailand,Trang
Thailand,Trat
Thailand,Ubon Ratchathani
Thailand,Udon Thani
Thailand,Uthai Thani
Thailand,Uttaradit
Thailand,Yala
Thailand,Yasothon
Timor-Leste,Aileu
Timor-Leste,Ainaro
Timor-Leste,Ambeno
Timor-Leste,Baucau
Timor-Leste,Bobonaro
Timor-Leste,Covalima
Timor-Leste,Dili
Timor-Leste,Ermera
Timor-Leste,Lautém
Timor-Leste,Liquiçá
Timor-Leste,Manatuto
Timor-Leste,Manufahi
Timor-Leste,Viqueque
Togo,Centre
Togo,Kara
Togo,Maritime
Togo,Plateaux
Togo,Savanes
Tokelau,Anafu
Tokelau,Fakaofo
Tokelau,Nukunonu
Tonga,'Eua
Tonga,Ha'apai
Tonga,Niuas
Tonga,Tongatapu
Tonga,Vava'u
Trinidad and Tobago,Arima
Trinidad and Tobago,Chaguanas
Trinidad and Tobago,Couva-Tabaquite-Talparo
Trinidad and Tobago,Diego Martin
Trinidad and Tobago,Mayaro/Rio Claro
Trinidad and Tobago,Penal-Debe
Trinidad and Tobago,Point Fortin
Trinidad and Tobago,Port of Spain
Trinidad and Tobago,Princes Town
Trinidad and Tobago,San Fernando
Trinidad and Tobago,San Juan-Laventille
Trinidad and Tobago,Sangre Grande
Trinidad and Tobago,Siparia
Trinidad and Tobago,Tobago
Trinidad and Tobago,Tunapuna/Piarco
Tunisia,Ariana
Tunisia,Béja
Tunisia,Ben Arous (Tunis Sud)
Tunisia,Bizerte
Tunisia,Gabès
Tunisia,Gafsa
Tunisia,Jendouba
Tunisia,Kairouan
Tunisia,Kassérine
Tunisia,Kebili
Tunisia,Le Kef
Tunisia,Mahdia
Tunisia,Manubah
Tunisia,Médenine
Tunisia,Monastir
Tunisia,Nabeul
Tunisia,Sfax
Tunisia,Sidi Bou Zid
Tunisia,Siliana
Tunisia,Sousse
Tunisia,Tataouine
Tunisia,Tozeur
Tunisia,Tunis
Tunisia,Zaghouan
Turkey,Adana
Turkey,Adiyaman
Turkey,Afyon
Turkey,Agri
Turkey,Aksaray
Turkey,Amasya
Turkey,Ankara
Turkey,Antalya
Turkey,Ardahan
Turkey,Artvin
Turkey,Aydin
Turkey,Balikesir
Turkey,Bartın
Turkey,Batman
Turkey,Bayburt
Turkey,Bilecik
Turkey,Bingöl
Turkey,Bitlis
Turkey,Bolu
Turkey,Burdur
Turkey,Bursa
Turkey,Çanakkale
Turkey,Çankiri
Turkey,Çorum
Turkey,Denizli
Turkey,Diyarbakir
Turkey,Düzce
Turkey,Edirne
Turkey,Elazığ
Turkey,Erzincan
Turkey,Erzurum
Turkey,Eskisehir
Turkey,Gaziantep
Turkey,Giresun
Turkey,Gümüshane
Turkey,Hakkari
Turkey,Hatay
Turkey,Iğdır
Turkey,Isparta
Turkey,Istanbul
Turkey,Izmir
Turkey,K. Maras
Turkey,Karabük
Turkey,Karaman
Turkey,Kars
Turkey,Kastamonu
Turkey,Kayseri
Turkey,Kilis
Turkey,Kinkkale
Turkey,Kirklareli
Turkey,Kirsehir
Turkey,Kocaeli
Turkey,Konya
Turkey,Kütahya
Turkey,Malatya
Turkey,Manisa
Turkey,Mardin
Turkey,Mersin
Turkey,Mugla
Turkey,Mus
Turkey,Nevsehir
Turkey,Nigde
Turkey,Ordu
Turkey,Osmaniye
Turkey,Rize
Turkey,Sakarya
Turkey,Samsun
Turkey,Sanliurfa
Turkey,Siirt
Turkey,Sinop
Turkey,Sirnak
Turkey,Sivas
Turkey,Tekirdag
Turkey,Tokat
Turkey,Trabzon
Turkey,Tunceli
Turkey,Usak
Turkey,Van
Turkey,Yalova
Turkey,Yozgat
Turkey,Zinguldak
Turkmenistan,Ahal
Turkmenistan,Aşgabat
Turkmenistan,Balkan
Turkmenistan,Daşoguz
Turkmenistan,Lebap
Turkmenistan,Mary
Turks and Caicos Islands,Grand Turk
Turks and Caicos Islands,Middle Caicos
Turks and Caicos Islands,North Caicos
Turks and Caicos Islands,Providenciales and West Caicos
Turks and Caicos Islands,Salt Cay
Turks and Caicos Islands,South Caicos and East Caicos
Tuvalu,Funafuti
Tuvalu,Nanumanga
Tuvalu,Nanumea
Tuvalu,Niulakita
Tuvalu,Niutao
Tuvalu,Nui
Tuvalu,Nukufetau
Tuvalu,Nukulaelae
Tuvalu,Vaitupu
Uganda,Adjumani
Uganda,Apac
Uganda,Arua
Uganda,Bugiri
Uganda,Bundibugyo
Uganda,Bushenyi
Uganda,Busia
Uganda,Gulu
Uganda,Hoima
Uganda,Iganga
Uganda,Jinja
Uganda,Kabale
Uganda,Kabarole
Uganda,Kaberamaido
Uganda,Kalangala
Uganda,Kampala
Uganda,Kamuli
Uganda,Kamwenge
Uganda,Kanungu
Uganda,Kapchorwa
Uganda,Kasese
Uganda,Katakwi
Uganda,Kayunga
Uganda,Kibale
Uganda,Kiboga
Uganda,Kisoro
Uganda,Kitgum
Uganda,Kotido
Uganda,Kumi
Uganda,Kyenjojo
Uganda,Lake Albert
Uganda,Lake Victoria
Uganda,Lira
Uganda,Luwero
Uganda,Masaka
Uganda,Masindi
Uganda,Mayuge
Uganda,Mbale
Uganda,Mbarara
Uganda,Moroto
Uganda,Moyo
Uganda,Mpigi
Uganda,Mubende
Uganda,Mukono
Uganda,Nakapiripirit
Uganda,Nakasongola
Uganda,Nebbi
Uganda,Ntungamo
Uganda,Pader
Uganda,Pallisa
Uganda,Rakai
Uganda,Rukungiri
Uganda,Sembabule
Uganda,Sironko
Uganda,Soroti
Uganda,Tororo
Uganda,Wakiso
Uganda,Yumbe
Ukraine,?
Ukraine,Cherkasy
Ukraine,Chernihiv
Ukraine,Chernivtsi
Ukraine,Crimea
Ukraine,Dnipropetrovs'k
Ukraine,Donets'k
Ukraine,Ivano-Frankivs'k
Ukraine,Kharkiv
Ukraine,Kherson
Ukraine,Khmel'nyts'kyy
Ukraine,Kiev City
Ukraine,Kiev
Ukraine,Kirovohrad
Ukraine,L'viv
Ukraine,Luhans'k
Ukraine,Mykolayiv
Ukraine,Odessa
Ukraine,Poltava
Ukraine,Rivne
Ukraine,Sevastopol'
Ukraine,Sumy
Ukraine,Ternopil'
Ukraine,Vinnytsya
Ukraine,Volyn
Ukraine,Zakarpattia
Ukraine,Zaporizhia
Ukraine,Zhytomyr
United Arab Emirates,Abu Dhabi
United Arab Emirates,Ajman
United Arab Emirates,Dubai
United Arab Emirates,Fujairah
United Arab Emirates,Ras Al-Khaimah
United Arab Emirates,Sharjah
United Arab Emirates,Umm al-Qaywayn
United Kingdom,England
United Kingdom,Northern Ireland
United Kingdom,Scotland
United Kingdom,Wales
United States Minor Outlying Isl,Baker
United States Minor Outlying Isl,Howland
United States Minor Outlying Isl,Jarvis island
United States Minor Outlying Isl,Johnston
United States Minor Outlying Isl,Kingman Reef
United States Minor Outlying Isl,Midway
United States Minor Outlying Isl,Navassa
United States Minor Outlying Isl,Palmyra
United States Minor Outlying Isl,Wake
United States,Alabama
United States,Alaska
United States,Arizona
United States,Arkansas
United States,California
United States,Colorado
United States,Connecticut
United States,Delaware
United States,District of Columbia
United States,Florida
United States,Georgia
United States,Hawaii
United States,Idaho
United States,Illinois
United States,Indiana
United States,Iowa
United States,Kansas
United States,Kentucky
United States,Louisiana
United States,Maine
United States,Maryland
United States,Massachusetts
United States,Michigan
United States,Minnesota
United States,Mississippi
United States,Missouri
United States,Montana
United States,Nebraska
United States,Nevada
United States,New Hampshire
United States,New Jersey
United States,New Mexico
United States,New York
United States,North Carolina
United States,North Dakota
United States,Ohio
United States,Oklahoma
United States,Oregon
United States,Pennsylvania
United States,Rhode Island
United States,South Carolina
United States,South Dakota
United States,Tennessee
United States,Texas
United States,Utah
United States,Vermont
United States,Virginia
United States,Washington
United States,West Virginia
United States,Wisconsin
United States,Wyoming
Uruguay,Artigas
Uruguay,Canelones
Uruguay,Cerro Largo
Uruguay,Colonia
Uruguay,Durazno
Uruguay,Flores
Uruguay,Florida
Uruguay,Lavalleja
Uruguay,Maldonado
Uruguay,Montevideo
Uruguay,Paysandú
Uruguay,Río Negro
Uruguay,Rivera
Uruguay,Rocha
Uruguay,Salto
Uruguay,San José
Uruguay,Soriano
Uruguay,Tacuarembó
Uruguay,Treinta y Tres
Uzbekistan,Andijon
Uzbekistan,Buxoro
Uzbekistan,Farg'ona
Uzbekistan,Jizzax
Uzbekistan,Namangan
Uzbekistan,Navoiy
Uzbekistan,Qaraqalpaqstan
Uzbekistan,Qashqadaryo
Uzbekistan,Samarqand'
Uzbekistan,Sirdaryo
Uzbekistan,Surxondaryo
Uzbekistan,Toshkent Shahri
Uzbekistan,Toshkent
Uzbekistan,Xorazm
Vanuatu,Malampa
Vanuatu,Penama
Vanuatu,Sanma
Vanuatu,Shefa
Vanuatu,Tafea
Vanuatu,Torba
Vatican City,
Venezuela,Amazonas
Venezuela,Anzoátegui
Venezuela,Apure
Venezuela,Aragua
Venezuela,Barinas
Venezuela,Bolívar
Venezuela,Carabobo
Venezuela,Cojedes
Venezuela,Delta Amacuro
Venezuela,Dependencias Federales
Venezuela,Distrito Capital
Venezuela,Falcón
Venezuela,Guárico
Venezuela,Lara
Venezuela,Mérida
Venezuela,Miranda
Venezuela,Monagas
Venezuela,Nueva Esparta
Venezuela,Portuguesa
Venezuela,Sucre
Venezuela,Táchira
Venezuela,Trujillo
Venezuela,Vargas
Venezuela,Yaracuy
Venezuela,Zulia
Vietnam,An Giang
Vietnam,Bà Rịa - Vũng Tàu
Vietnam,Bắc Giang
Vietnam,Bắc Kạn
Vietnam,Bạc Liêu
Vietnam,Bắc Ninh
Vietnam,Bến Tre
Vietnam,Bình Định
Vietnam,Bình Dương
Vietnam,Bình Phước
Vietnam,Bình Thuận
Vietnam,Cà Mau
Vietnam,Cần Thơ
Vietnam,Cao Bằng
Vietnam,Đà Nẵng
Vietnam,Đắk Lắk
Vietnam,Đắk Nông
Vietnam,Điện Biên
Vietnam,Đồng Nai
Vietnam,Đồng Tháp
Vietnam,Gia Lai
Vietnam,Hà Giang
Vietnam,Hà Nam
Vietnam,Hà Nội
Vietnam,Hà Tĩnh
Vietnam,Hải Dương
Vietnam,Hải Phòng
Vietnam,Hậu Giang
Vietnam,Hồ Chí Minh
Vietnam,Hoà Bình
Vietnam,Hưng Yên
Vietnam,Khánh Hòa
Vietnam,Kiên Giang
Vietnam,Kon Tum
Vietnam,Lai Châu
Vietnam,Lâm Đồng
Vietnam,Lạng Sơn
Vietnam,Lào Cai
Vietnam,Long An
Vietnam,Nam Định
Vietnam,Nghệ An
Vietnam,Ninh Bình
Vietnam,Ninh Thuận
Vietnam,Phú Thọ
Vietnam,Phú Yên
Vietnam,Quảng Bình
Vietnam,Quảng Nam
Vietnam,Quảng Ngãi
Vietnam,Quảng Ninh
Vietnam,Quảng Trị
Vietnam,Sóc Trăng
Vietnam,Sơn La
Vietnam,Tây Ninh
Vietnam,Thái Bình
Vietnam,Thái Nguyên
Vietnam,Thanh Hóa
Vietnam,Thừa Thiên Huế
Vietnam,Tiền Giang
Vietnam,Trà Vinh
Vietnam,Tuyên Quang
Vietnam,Vĩnh Long
Vietnam,Vĩnh Phúc
Vietnam,Yên Bái
"Virgin Islands, U.S.",Saint Croix
"Virgin Islands, U.S.",Saint John
"Virgin Islands, U.S.",Saint Thomas
Wallis and Futuna,Alo
Wallis and Futuna,Singave
Wallis and Futuna,Uvéa
Western Sahara,Boujdour
Western Sahara,Es Semara
Western Sahara,Laayoune
Western Sahara,Oued el Dahab
Yemen,`Adan
Yemen,Abyan
Yemen,Al Bayda'
Yemen,Al Dali'
Yemen,Al Hudaydah
Yemen,Al Jawf
Yemen,Al Mahrah
Yemen,Al Mahwit
Yemen,Amanat Al Asimah
Yemen,Amran
Yemen,Dhamar
Yemen,Hadramawt
Yemen,Hajjah
Yemen,Ibb
Yemen,Lahij
Yemen,Ma'rib
Yemen,Raymah
Yemen,Sa`dah
Yemen,San`a'
Yemen,Shabwah
Yemen,Ta`izz
Zambia,Central
Zambia,Copperbelt
Zambia,Eastern
Zambia,Luapula
Zambia,Lusaka
Zambia,Muchinga
Zambia,North-Western
Zambia,Northern
Zambia,Southern
Zambia,Western
Zimbabwe,Bulawayo
Zimbabwe,Harare
Zimbabwe,Manicaland
Zimbabwe,Mashonaland Central
Zimbabwe,Mashonaland East
Zimbabwe,Mashonaland West
Zimbabwe,Masvingo
Zimbabwe,Matabeleland North
Zimbabwe,Matabeleland South
Zimbabwe,Midlands